12.126,12.117,12.182,12.246,12.246,12.182,12.117,12.126,12.284,12.209,11.94,11.585,11.459,11.171,10.89,10.383,9.791,9.346,9.407,9.343,8.632,7.987,8.076,8.411,8.215,7.84,7.668,7.623,7.227,6.815,6.463,6.39,6.632,7.052,6.924,6.408,6.252,6.565,6.67,6.499,6.455,6.658,6.72,6.533,6.496,6.764,7.017,7.095,7.049,6.888,6.884,7.116,7.668,8.377,9.24,10.273,11.077,11.626,11.674,11.555,11.128,10.017,8.939,8.592,8.998,9.023,8.781,8.45,8.208,7.848,7.574,7.325,7.263,7.082,6.854,6.619,6.521,6.478,6.561,6.473,6.103,5.874,6.048,6.413,6.698,6.93,7.116,7.229,7.368,7.412,7.245,7.01,6.945,6.976,6.563,6.1,6.245,6.819,6.784,6.275,6.195,6.611,6.667,6.308,6.308,6.667,6.611,6.195
12.399,12.437,12.478,12.533,12.533,12.478,12.437,12.399,12.465,12.232,11.801,11.397,11.386,11.258,11.101,10.581,9.789,9.17,9.247,9.268,8.615,7.964,7.927,8.147,8.026,7.776,7.549,7.37,6.97,6.627,6.272,6.162,6.444,6.948,6.882,6.38,6.203,6.472,6.564,6.428,6.379,6.522,6.569,6.446,6.45,6.695,6.906,6.939,6.914,6.874,6.96,7.119,7.636,8.56,9.587,10.405,10.916,11.552,11.81,11.511,10.772,9.683,8.831,8.547,8.892,8.936,8.763,8.473,8.224,7.796,7.422,7.148,7.157,7.055,6.872,6.608,6.412,6.273,6.316,6.26,5.997,5.854,6.002,6.335,6.671,6.958,7.134,7.208,7.332,7.38,7.25,7.054,6.984,6.977,6.506,6.0,6.194,6.865,6.809,6.187,6.156,6.756,6.926,6.541,6.541,6.926,6.756,6.156
12.763,12.845,12.772,12.763,12.763,12.772,12.845,12.763,12.619,12.266,11.926,11.5,11.284,10.987,10.785,10.427,10.024,9.596,9.34,9.066,8.682,8.317,8.026,7.877,7.795,7.741,7.415,7.046,6.69,6.515,6.227,6.087,6.275,6.688,6.841,6.724,6.624,6.62,6.543,6.451,6.398,6.452,6.513,6.556,6.626,6.724,6.808,6.841,6.905,6.997,7.201,7.429,7.88,8.553,9.339,10.121,10.751,11.528,11.895,11.554,10.702,9.705,9.01,8.626,8.731,8.723,8.675,8.469,8.232,7.792,7.387,7.096,7.12,7.035,6.853,6.621,6.509,6.339,6.178,6.015,5.892,5.91,6.067,6.363,6.695,6.983,7.155,7.213,7.287,7.302,7.221,7.112,7.082,7.073,6.652,6.183,6.243,6.702,6.591,6.075,6.007,6.448,6.681,6.579,6.579,6.681,6.448,6.007
12.965,13.072,12.935,12.889,12.889,12.935,13.072,12.965,12.702,12.277,11.989,11.549,11.215,10.824,10.598,10.335,10.15,9.829,9.383,8.942,8.712,8.511,8.074,7.712,7.654,7.713,7.331,6.85,6.52,6.442,6.19,6.033,6.169,6.533,6.81,6.914,6.856,6.698,6.522,6.456,6.403,6.404,6.471,6.612,6.719,6.733,6.744,6.778,6.893,7.061,7.334,7.602,8.012,8.546,9.196,9.955,10.649,11.509,11.939,11.572,10.652,9.708,9.105,8.665,8.632,8.594,8.618,8.462,8.231,7.783,7.358,7.058,7.092,7.017,6.837,6.623,6.557,6.367,6.09,5.868,5.824,5.935,6.098,6.372,6.702,6.991,7.161,7.21,7.255,7.25,7.2,7.14,7.131,7.121,6.728,6.28,6.263,6.603,6.461,6.004,5.917,6.267,6.538,6.598,6.598,6.538,6.267,5.917
12.965,13.072,12.935,12.889,12.889,12.935,13.072,12.965,12.702,12.277,11.989,11.549,11.215,10.824,10.598,10.335,10.15,9.829,9.383,8.942,8.712,8.511,8.074,7.712,7.654,7.713,7.331,6.85,6.52,6.442,6.19,6.033,6.169,6.533,6.81,6.914,6.856,6.698,6.522,6.456,6.403,6.404,6.471,6.612,6.719,6.733,6.744,6.778,6.893,7.061,7.334,7.602,8.012,8.546,9.196,9.955,10.649,11.509,11.939,11.572,10.652,9.708,9.105,8.665,8.632,8.594,8.618,8.462,8.231,7.783,7.358,7.058,7.092,7.017,6.837,6.623,6.557,6.367,6.09,5.868,5.824,5.935,6.098,6.372,6.702,6.991,7.161,7.21,7.255,7.25,7.2,7.14,7.131,7.121,6.728,6.28,6.263,6.603,6.461,6.004,5.917,6.267,6.538,6.598,6.598,6.538,6.267,5.917
12.763,12.845,12.772,12.763,12.763,12.772,12.845,12.763,12.619,12.266,11.926,11.5,11.284,10.987,10.785,10.427,10.024,9.596,9.34,9.066,8.682,8.317,8.026,7.877,7.795,7.741,7.415,7.046,6.69,6.515,6.227,6.087,6.275,6.688,6.841,6.724,6.624,6.62,6.543,6.451,6.398,6.452,6.513,6.556,6.626,6.724,6.808,6.841,6.905,6.997,7.201,7.429,7.88,8.553,9.339,10.121,10.751,11.528,11.895,11.554,10.702,9.705,9.01,8.626,8.731,8.723,8.675,8.469,8.232,7.792,7.387,7.096,7.12,7.035,6.853,6.621,6.509,6.339,6.178,6.015,5.892,5.91,6.067,6.363,6.695,6.983,7.155,7.213,7.287,7.302,7.221,7.112,7.082,7.073,6.652,6.183,6.243,6.702,6.591,6.075,6.007,6.448,6.681,6.579,6.579,6.681,6.448,6.007
12.399,12.437,12.478,12.533,12.533,12.478,12.437,12.399,12.465,12.232,11.801,11.397,11.386,11.258,11.101,10.581,9.789,9.17,9.247,9.268,8.615,7.964,7.927,8.147,8.026,7.776,7.549,7.37,6.97,6.627,6.272,6.162,6.444,6.948,6.882,6.38,6.203,6.472,6.564,6.428,6.379,6.522,6.569,6.446,6.45,6.695,6.906,6.939,6.914,6.874,6.96,7.119,7.636,8.56,9.587,10.405,10.916,11.552,11.81,11.511,10.772,9.683,8.831,8.547,8.892,8.936,8.763,8.473,8.224,7.796,7.422,7.148,7.157,7.055,6.872,6.608,6.412,6.273,6.316,6.26,5.997,5.854,6.002,6.335,6.671,6.958,7.134,7.208,7.332,7.38,7.25,7.054,6.984,6.977,6.506,6.0,6.194,6.865,6.809,6.187,6.156,6.756,6.926,6.541,6.541,6.926,6.756,6.156
12.126,12.117,12.182,12.246,12.246,12.182,12.117,12.126,12.284,12.209,11.94,11.585,11.459,11.171,10.89,10.383,9.791,9.346,9.407,9.343,8.632,7.987,8.076,8.411,8.215,7.84,7.668,7.623,7.227,6.815,6.463,6.39,6.632,7.052,6.924,6.408,6.252,6.565,6.67,6.499,6.455,6.658,6.72,6.533,6.496,6.764,7.017,7.095,7.049,6.888,6.884,7.116,7.668,8.377,9.24,10.273,11.077,11.626,11.674,11.555,11.128,10.017,8.939,8.592,8.998,9.023,8.781,8.45,8.208,7.848,7.574,7.325,7.263,7.082,6.854,6.619,6.521,6.478,6.561,6.473,6.103,5.874,6.048,6.413,6.698,6.93,7.116,7.229,7.368,7.412,7.245,7.01,6.945,6.976,6.563,6.1,6.245,6.819,6.784,6.275,6.195,6.611,6.667,6.308,6.308,6.667,6.611,6.195
12.098,12.067,12.031,12.04,12.04,12.031,12.067,12.098,12.155,12.199,12.329,12.025,11.424,10.641,10.105,9.831,10.041,10.122,9.754,9.185,8.689,8.392,8.391,8.48,8.205,7.845,7.652,7.601,7.266,6.936,6.66,6.605,6.667,6.847,6.876,6.793,6.768,6.843,6.77,6.594,6.557,6.762,6.867,6.77,6.745,6.89,7.072,7.226,7.252,7.049,7.035,7.461,7.98,8.035,8.345,9.708,11.154,11.726,11.538,11.663,11.623,10.58,9.307,8.732,8.96,8.891,8.679,8.382,8.17,7.909,7.754,7.523,7.358,7.064,6.764,6.616,6.79,6.876,6.783,6.503,6.112,5.931,6.167,6.551,6.746,6.886,7.087,7.249,7.363,7.359,7.182,6.974,6.958,7.054,6.798,6.453,6.362,6.529,6.468,6.268,6.062,5.983,5.926,5.944,5.944,5.926,5.983,6.062
11.918,11.845,11.739,11.705,11.705,11.739,11.845,11.918,11.951,12.011,12.202,11.971,11.43,10.621,9.905,9.645,10.222,10.553,9.958,9.175,8.91,8.879,8.778,8.657,8.386,8.122,7.906,7.798,7.506,7.271,7.111,7.127,7.092,7.094,7.22,7.428,7.436,7.272,7.032,6.869,6.807,6.929,7.028,7.058,7.036,6.979,7.002,7.188,7.267,7.022,7.026,7.664,8.252,7.944,7.859,9.249,10.932,11.567,11.385,11.676,11.816,10.873,9.577,8.874,8.942,8.814,8.657,8.376,8.14,7.938,7.899,7.735,7.548,7.208,6.864,6.716,6.959,7.072,6.912,6.596,6.266,6.132,6.337,6.654,6.795,6.897,7.082,7.232,7.273,7.219,7.114,7.035,7.092,7.201,7.018,6.718,6.422,6.282,6.193,6.217,5.953,5.562,5.452,5.738,5.738,5.452,5.562,5.953
11.634,11.497,11.387,11.351,11.351,11.387,11.497,11.634,11.793,11.715,11.425,11.238,11.487,11.326,10.625,10.039,10.147,10.186,9.768,9.301,9.151,9.122,8.981,8.83,8.672,8.54,8.319,8.13,7.834,7.649,7.576,7.679,7.722,7.751,7.827,7.931,7.816,7.568,7.285,7.144,7.036,7.03,7.079,7.219,7.187,6.938,6.775,6.927,7.006,6.718,6.751,7.51,8.275,8.194,8.161,9.19,10.469,11.184,11.304,11.561,11.524,10.636,9.516,8.894,8.944,8.851,8.744,8.426,8.085,7.853,7.881,7.828,7.738,7.454,7.113,6.843,6.856,6.865,6.838,6.708,6.487,6.354,6.431,6.624,6.797,6.957,7.099,7.161,7.11,7.023,7.037,7.128,7.256,7.331,7.065,6.666,6.334,6.222,6.134,6.144,5.942,5.658,5.603,5.86,5.86,5.603,5.658,5.942
11.101,11.018,11.019,11.048,11.048,11.019,11.018,11.101,11.303,11.243,10.877,10.831,11.446,11.605,10.984,10.289,10.123,10.038,9.882,9.687,9.475,9.304,9.204,9.167,9.098,9.014,8.813,8.602,8.275,8.074,8.102,8.346,8.442,8.43,8.419,8.431,8.249,7.992,7.722,7.614,7.44,7.292,7.198,7.289,7.213,6.943,6.729,6.793,6.818,6.544,6.63,7.406,8.267,8.495,8.61,9.24,10.003,10.708,11.088,11.317,11.157,10.387,9.487,8.981,9.019,8.91,8.784,8.491,8.205,7.971,7.941,7.892,7.873,7.678,7.413,7.064,6.816,6.691,6.801,6.866,6.764,6.635,6.58,6.625,6.776,6.949,7.043,7.057,6.977,6.924,7.099,7.354,7.447,7.365,7.029,6.64,6.321,6.222,6.074,5.992,5.856,5.764,5.723,5.787,5.787,5.723,5.764,5.856
10.506,10.616,10.849,11.011,11.011,10.849,10.616,10.506,10.631,10.846,11.082,11.217,11.286,10.995,10.415,10.013,10.195,10.429,10.432,10.174,9.67,9.254,9.278,9.486,9.418,9.233,9.055,8.908,8.518,8.223,8.345,8.753,8.826,8.647,8.567,8.626,8.515,8.321,8.112,8.04,7.83,7.601,7.325,7.177,7.043,7.008,6.968,6.931,6.862,6.657,6.811,7.534,8.36,8.718,8.909,9.343,9.83,10.41,10.814,11.105,11.038,10.368,9.528,9.071,9.111,8.9,8.639,8.467,8.481,8.319,8.076,7.859,7.833,7.709,7.57,7.25,6.863,6.647,6.813,6.966,6.914,6.789,6.693,6.654,6.707,6.806,6.873,6.922,6.926,6.976,7.269,7.571,7.513,7.218,6.91,6.7,6.419,6.24,5.97,5.787,5.683,5.741,5.611,5.353,5.353,5.611,5.741,5.683
10.043,10.285,10.549,10.73,10.73,10.549,10.285,10.043,9.956,10.31,11.094,11.443,11.051,10.444,10.042,9.93,10.26,10.606,10.7,10.465,9.901,9.432,9.531,9.823,9.703,9.435,9.321,9.292,8.93,8.593,8.704,9.109,9.102,8.822,8.721,8.841,8.817,8.691,8.517,8.431,8.17,7.886,7.486,7.172,6.984,7.087,7.145,7.039,6.911,6.797,6.945,7.404,8.006,8.453,8.827,9.269,9.661,10.12,10.435,10.702,10.711,10.278,9.685,9.295,9.231,8.964,8.704,8.582,8.672,8.524,8.223,7.927,7.833,7.711,7.656,7.432,7.094,6.877,6.981,7.094,7.084,6.984,6.852,6.736,6.692,6.73,6.808,6.921,6.985,7.092,7.487,7.841,7.64,7.139,6.823,6.744,6.494,6.256,5.913,5.669,5.502,5.528,5.391,5.161,5.161,5.391,5.528,5.502
10.0,10.21,10.189,10.208,10.208,10.189,10.21,10.0,9.626,9.802,10.665,11.167,10.863,10.431,10.298,10.221,10.208,10.223,10.275,10.236,10.026,9.83,9.853,9.92,9.732,9.509,9.472,9.549,9.344,9.103,9.09,9.255,9.149,8.923,8.878,9.039,9.056,8.953,8.745,8.578,8.254,7.961,7.598,7.369,7.178,7.159,7.096,6.968,6.853,6.812,6.858,6.895,7.141,7.623,8.263,8.952,9.497,9.934,10.098,10.216,10.176,10.063,9.903,9.579,9.289,9.094,9.091,8.874,8.587,8.351,8.313,8.15,7.946,7.715,7.611,7.489,7.415,7.315,7.24,7.179,7.202,7.15,6.97,6.795,6.727,6.789,6.955,7.138,7.139,7.159,7.634,8.114,7.871,7.23,6.812,6.697,6.428,6.206,5.91,5.714,5.389,5.125,5.141,5.485,5.485,5.141,5.125,5.389
9.891,9.993,9.713,9.584,9.584,9.713,9.993,9.891,9.4,9.407,10.134,10.689,10.629,10.51,10.618,10.55,10.236,9.973,10.014,10.167,10.259,10.298,10.302,10.21,9.929,9.685,9.723,9.92,9.8,9.566,9.412,9.386,9.22,9.071,9.059,9.205,9.204,9.093,8.856,8.654,8.307,8.016,7.664,7.467,7.225,7.051,6.903,6.858,6.825,6.791,6.724,6.528,6.579,7.038,7.792,8.643,9.318,9.746,9.812,9.843,9.788,9.898,10.029,9.775,9.361,9.168,9.249,8.953,8.472,8.182,8.268,8.174,7.93,7.676,7.579,7.56,7.677,7.661,7.461,7.275,7.303,7.284,7.108,6.918,6.825,6.856,6.985,7.151,7.181,7.227,7.628,8.018,7.81,7.268,6.861,6.698,6.421,6.222,5.955,5.775,5.341,4.895,4.984,5.656,5.656,4.984,4.895,5.341
9.454,9.436,9.152,9.018,9.018,9.152,9.436,9.454,9.158,9.232,9.8,10.32,10.439,10.518,10.702,10.679,10.38,10.157,10.302,10.514,10.521,10.495,10.644,10.701,10.32,9.906,10.008,10.349,10.147,9.726,9.502,9.518,9.396,9.275,9.208,9.251,9.172,9.045,8.845,8.715,8.418,8.135,7.683,7.307,6.92,6.709,6.653,6.813,6.908,6.759,6.617,6.604,6.827,7.236,7.83,8.552,9.154,9.571,9.692,9.8,9.804,9.882,9.935,9.742,9.442,9.096,8.88,8.602,8.428,8.212,8.086,7.875,7.69,7.574,7.62,7.67,7.713,7.645,7.494,7.351,7.356,7.331,7.224,7.067,6.921,6.809,6.697,6.721,6.961,7.268,7.42,7.408,7.3,7.141,6.942,6.799,6.54,6.323,5.994,5.743,5.346,5.027,4.984,5.287,5.287,4.984,5.027,5.346
9.264,9.186,8.996,8.913,8.913,8.996,9.186,9.264,9.193,9.272,9.537,9.881,10.141,10.379,10.558,10.609,10.51,10.483,10.712,10.923,10.88,10.819,11.054,11.204,10.804,10.306,10.356,10.654,10.307,9.75,9.525,9.641,9.554,9.404,9.3,9.31,9.161,8.955,8.745,8.687,8.419,8.103,7.567,7.098,6.647,6.429,6.429,6.68,6.855,6.684,6.6,6.845,7.261,7.586,7.957,8.515,9.026,9.406,9.575,9.81,9.931,9.926,9.803,9.631,9.467,8.992,8.501,8.291,8.474,8.283,7.814,7.455,7.437,7.52,7.665,7.714,7.629,7.498,7.44,7.386,7.372,7.336,7.293,7.184,7.022,6.823,6.545,6.455,6.813,7.267,7.213,6.905,6.865,6.988,6.949,6.834,6.625,6.432,6.051,5.71,5.391,5.285,5.129,5.003,5.003,5.129,5.285,5.391
9.543,9.488,9.32,9.253,9.253,9.32,9.488,9.543,9.485,9.353,9.226,9.321,9.689,10.052,10.169,10.29,10.478,10.686,10.86,11.028,11.216,11.362,11.494,11.471,11.184,10.833,10.688,10.669,10.216,9.739,9.581,9.741,9.598,9.34,9.285,9.453,9.312,8.964,8.634,8.555,8.225,7.808,7.289,6.983,6.653,6.414,6.318,6.429,6.581,6.593,6.702,6.986,7.341,7.571,7.857,8.422,8.97,9.283,9.383,9.7,9.964,9.986,9.804,9.593,9.415,8.95,8.489,8.355,8.614,8.255,7.441,7.011,7.292,7.573,7.643,7.604,7.51,7.394,7.36,7.339,7.35,7.331,7.279,7.183,7.072,6.95,6.782,6.732,6.943,7.214,7.189,7.004,6.907,6.888,6.777,6.672,6.541,6.453,6.094,5.693,5.408,5.408,5.312,5.158,5.158,5.312,5.408,5.408
10.087,10.183,10.173,10.198,10.198,10.173,10.183,10.087,9.984,9.67,9.28,9.12,9.381,9.729,9.896,10.142,10.466,10.783,10.959,11.165,11.557,11.84,11.816,11.589,11.413,11.233,10.894,10.557,10.053,9.713,9.61,9.763,9.578,9.27,9.264,9.545,9.406,8.95,8.531,8.436,8.062,7.567,7.097,6.989,6.808,6.578,6.337,6.171,6.204,6.444,6.809,7.102,7.368,7.557,7.818,8.375,8.911,9.152,9.186,9.522,9.857,9.919,9.742,9.499,9.279,8.908,8.607,8.524,8.706,8.294,7.478,7.068,7.387,7.646,7.639,7.529,7.415,7.312,7.31,7.319,7.335,7.312,7.244,7.166,7.12,7.104,7.096,7.111,7.12,7.144,7.198,7.233,7.098,6.903,6.679,6.548,6.463,6.464,6.148,5.728,5.462,5.507,5.518,5.487,5.487,5.518,5.507,5.462
10.419,10.766,11.144,11.393,11.393,11.144,10.766,10.419,10.36,10.106,9.76,9.44,9.296,9.512,10.071,10.575,10.623,10.722,11.122,11.577,11.917,12.026,11.908,11.642,11.46,11.29,10.905,10.513,10.015,9.714,9.579,9.677,9.543,9.345,9.328,9.5,9.297,8.852,8.477,8.438,8.112,7.622,7.182,7.123,6.981,6.797,6.448,5.99,5.846,6.209,6.792,7.191,7.514,7.771,8.019,8.431,8.799,9.003,9.069,9.321,9.552,9.611,9.504,9.31,9.118,8.849,8.662,8.537,8.557,8.428,8.235,7.96,7.764,7.645,7.726,7.668,7.432,7.266,7.356,7.428,7.376,7.287,7.243,7.216,7.198,7.189,7.173,7.156,7.112,7.084,7.084,7.114,7.109,7.075,6.866,6.638,6.505,6.515,6.2,5.778,5.515,5.57,5.638,5.683,5.683,5.638,5.57,5.515
10.97,11.554,12.255,12.692,12.692,12.255,11.554,10.97,10.896,10.729,10.553,10.172,9.657,9.62,10.322,10.906,10.733,10.69,11.266,11.879,12.077,11.988,11.865,11.656,11.405,11.153,10.797,10.495,10.066,9.786,9.585,9.588,9.516,9.465,9.405,9.386,9.109,8.738,8.466,8.499,8.261,7.841,7.404,7.259,7.066,6.948,6.585,5.963,5.689,6.07,6.741,7.214,7.608,7.946,8.192,8.452,8.641,8.812,8.927,9.125,9.28,9.327,9.259,9.096,8.927,8.741,8.648,8.549,8.523,8.707,9.058,8.854,8.134,7.623,7.765,7.768,7.468,7.271,7.416,7.516,7.405,7.273,7.268,7.289,7.268,7.224,7.162,7.113,7.08,7.078,7.044,7.037,7.111,7.198,7.052,6.813,6.627,6.567,6.268,5.931,5.695,5.707,5.77,5.856,5.856,5.77,5.707,5.695
11.943,12.619,13.283,13.702,13.702,13.283,12.619,11.943,11.679,11.372,11.206,10.832,10.368,10.056,10.105,10.365,10.627,11.015,11.456,11.805,11.956,11.929,11.902,11.761,11.447,11.091,10.731,10.5,10.181,9.985,9.74,9.624,9.536,9.549,9.449,9.321,9.01,8.698,8.485,8.536,8.358,8.039,7.563,7.205,6.882,6.843,6.606,6.067,5.819,6.15,6.75,7.198,7.575,7.88,8.085,8.3,8.442,8.527,8.604,8.948,9.303,9.359,9.166,8.933,8.762,8.59,8.542,8.732,9.082,9.296,9.299,8.847,8.161,7.617,7.606,7.567,7.42,7.327,7.399,7.437,7.363,7.295,7.338,7.373,7.318,7.245,7.223,7.225,7.177,7.154,7.239,7.343,7.226,7.028,6.923,6.929,6.768,6.575,6.337,6.2,6.05,5.992,5.994,6.07,6.07,5.994,5.992,6.05
13.119,13.8,14.314,14.645,14.645,14.314,13.8,13.119,12.675,12.211,12.019,11.668,11.366,10.787,10.035,9.794,10.409,11.166,11.399,11.477,11.674,11.822,11.919,11.837,11.495,11.069,10.71,10.529,10.287,10.151,9.898,9.722,9.585,9.574,9.429,9.264,8.947,8.665,8.493,8.57,8.44,8.182,7.669,7.163,6.749,6.739,6.638,6.297,6.146,6.372,6.786,7.111,7.405,7.66,7.865,8.101,8.271,8.318,8.371,8.853,9.385,9.468,9.179,8.824,8.559,8.372,8.395,8.817,9.437,9.52,9.032,8.408,8.034,7.655,7.463,7.339,7.354,7.369,7.355,7.325,7.305,7.311,7.374,7.402,7.326,7.249,7.284,7.352,7.302,7.267,7.471,7.675,7.339,6.823,6.736,6.983,6.881,6.604,6.47,6.547,6.492,6.362,6.269,6.279,6.279,6.269,6.362,6.492
14.394,15.142,15.771,16.168,16.168,15.771,15.142,14.394,13.979,13.516,13.289,12.833,12.419,11.677,10.872,10.289,10.226,10.491,10.802,11.192,11.552,11.789,11.918,11.829,11.535,11.167,10.873,10.72,10.419,10.189,9.947,9.836,9.662,9.55,9.348,9.188,8.85,8.532,8.432,8.666,8.614,8.28,7.784,7.436,7.119,7.04,6.883,6.595,6.454,6.606,6.87,7.006,7.184,7.489,7.8,8.011,8.143,8.32,8.506,8.852,9.15,9.285,9.181,8.675,8.102,7.936,8.224,8.465,8.579,8.595,8.534,8.318,8.085,7.784,7.595,7.413,7.332,7.311,7.378,7.4,7.325,7.258,7.293,7.336,7.308,7.287,7.337,7.403,7.386,7.37,7.515,7.651,7.37,6.957,6.839,6.985,6.897,6.727,6.775,7.016,7.02,6.817,6.607,6.522,6.522,6.607,6.817,7.02
15.49,16.308,17.164,17.69,17.69,17.164,16.308,15.49,15.221,14.936,14.845,14.289,13.516,12.507,11.89,11.096,10.148,9.717,10.147,10.941,11.457,11.736,11.852,11.732,11.506,11.219,10.916,10.691,10.304,10.022,9.856,9.877,9.705,9.496,9.252,9.112,8.767,8.416,8.357,8.699,8.684,8.249,7.815,7.732,7.579,7.402,7.131,6.857,6.698,6.768,6.888,6.834,6.909,7.301,7.765,8.002,8.127,8.45,8.748,8.891,8.883,9.061,9.188,8.621,7.822,7.708,8.22,8.119,7.53,7.479,8.055,8.361,8.192,7.947,7.856,7.644,7.377,7.235,7.388,7.482,7.362,7.217,7.195,7.232,7.271,7.318,7.354,7.384,7.41,7.432,7.449,7.442,7.316,7.173,7.032,6.985,6.926,6.936,7.094,7.337,7.358,7.179,6.921,6.731,6.731,6.921,7.179,7.358
16.91,17.876,19.002,19.683,19.683,19.002,17.876,16.91,16.674,16.83,17.518,17.078,15.496,13.455,12.249,11.144,10.285,9.928,10.087,10.619,11.127,11.525,11.724,11.638,11.393,10.981,10.326,9.785,9.485,9.553,9.648,9.783,9.722,9.544,9.265,9.043,8.719,8.483,8.39,8.543,8.431,8.072,7.736,7.7,7.58,7.39,7.183,7.103,6.99,6.839,6.659,6.414,6.425,6.838,7.46,7.993,8.351,8.591,8.673,8.912,9.123,9.249,9.206,8.774,8.267,8.279,8.724,8.53,7.86,7.643,8.042,8.306,8.27,8.15,8.092,7.856,7.541,7.278,7.248,7.295,7.363,7.383,7.305,7.238,7.28,7.354,7.363,7.369,7.434,7.505,7.502,7.435,7.237,7.065,7.044,7.186,7.299,7.377,7.38,7.339,7.358,7.458,7.305,6.96,6.96,7.305,7.458,7.358
17.91,18.905,20.119,20.851,20.851,20.119,18.905,17.91,17.687,18.234,19.652,19.36,17.117,14.086,12.058,10.697,10.487,10.66,10.46,10.447,10.819,11.278,11.55,11.513,11.219,10.645,9.617,8.772,8.621,9.113,9.432,9.587,9.642,9.572,9.302,8.994,8.71,8.62,8.453,8.317,8.077,7.875,7.628,7.494,7.32,7.175,7.096,7.204,7.14,6.807,6.407,6.093,6.118,6.537,7.233,7.992,8.51,8.561,8.374,8.788,9.359,9.451,9.19,9.025,8.999,9.111,9.302,9.192,8.868,8.522,8.353,8.259,8.317,8.285,8.196,7.96,7.736,7.418,7.116,7.036,7.322,7.564,7.458,7.287,7.295,7.362,7.355,7.357,7.438,7.532,7.569,7.512,7.168,6.841,6.967,7.405,7.684,7.734,7.495,7.131,7.151,7.574,7.609,7.197,7.197,7.609,7.574,7.151
18.794,19.305,20.032,20.48,20.48,20.032,19.305,18.794,18.816,19.269,20.251,19.677,17.671,14.559,11.866,10.122,10.279,10.916,10.796,10.663,10.867,11.16,11.348,11.323,11.09,10.617,9.687,8.905,8.815,9.304,9.466,9.419,9.389,9.376,9.197,8.981,8.747,8.645,8.449,8.279,8.067,7.955,7.765,7.601,7.401,7.275,7.181,7.207,7.122,6.87,6.609,6.408,6.543,7.161,7.823,8.008,7.894,7.883,7.941,8.115,8.37,8.775,9.13,9.347,9.355,9.333,9.287,9.182,9.089,8.826,8.539,8.353,8.416,8.338,8.128,7.924,7.943,7.76,7.34,7.085,7.28,7.489,7.406,7.283,7.3,7.379,7.435,7.485,7.533,7.562,7.578,7.541,7.239,6.955,7.093,7.508,7.72,7.703,7.506,7.264,7.418,7.919,8.126,7.915,7.915,8.126,7.919,7.418
19.003,18.894,18.934,18.983,18.983,18.934,18.894,19.003,19.291,19.352,19.306,18.356,17.195,14.792,11.96,9.98,10.121,10.889,11.042,11.07,11.133,11.161,11.164,11.098,10.962,10.729,10.202,9.736,9.622,9.805,9.605,9.282,9.086,9.096,9.04,8.985,8.789,8.578,8.394,8.371,8.283,8.196,8.01,7.843,7.627,7.514,7.337,7.143,6.998,6.969,7.036,7.055,7.323,8.115,8.622,7.993,7.062,7.096,7.599,7.4,7.078,7.839,8.998,9.469,9.227,9.019,8.896,8.81,8.825,8.754,8.651,8.545,8.539,8.327,7.97,7.791,8.057,8.082,7.689,7.294,7.225,7.247,7.223,7.232,7.275,7.366,7.504,7.616,7.616,7.557,7.533,7.524,7.373,7.239,7.275,7.441,7.46,7.397,7.411,7.525,7.82,8.181,8.477,8.591,8.591,8.477,8.181,7.82
18.931,18.616,18.363,18.244,18.244,18.363,18.616,18.931,19.221,19.155,18.837,18.089,17.606,16.068,13.911,12.036,11.556,11.56,11.443,11.367,11.296,11.17,10.897,10.636,10.515,10.484,10.267,10.05,9.912,9.865,9.449,9.003,8.828,8.98,9.044,9.036,8.828,8.549,8.379,8.45,8.476,8.459,8.288,8.055,7.818,7.783,7.658,7.419,7.241,7.24,7.383,7.554,7.829,8.308,8.482,7.838,7.068,7.169,7.676,7.442,7.041,7.653,8.67,8.988,8.694,8.766,9.084,9.221,9.144,9.047,9.01,8.95,8.953,8.656,8.144,7.87,8.195,8.258,7.835,7.35,7.156,7.108,7.142,7.227,7.261,7.316,7.441,7.563,7.6,7.583,7.567,7.559,7.544,7.535,7.382,7.231,7.234,7.401,7.584,7.739,7.956,8.155,8.499,8.878,8.878,8.499,8.155,7.956
18.51,18.378,18.238,18.183,18.183,18.238,18.378,18.51,18.606,18.626,18.642,18.438,18.304,17.484,16.4,14.852,13.484,12.321,11.699,11.444,11.314,11.177,10.69,10.22,10.046,10.104,10.026,9.93,9.765,9.602,9.168,8.785,8.742,9.031,9.138,9.066,8.82,8.545,8.404,8.51,8.591,8.626,8.456,8.151,7.903,7.947,7.936,7.801,7.635,7.516,7.534,7.752,7.949,7.906,7.758,7.651,7.646,7.806,8.016,8.013,7.924,8.084,8.333,8.237,8.015,8.535,9.451,9.867,9.63,9.432,9.41,9.371,9.39,9.053,8.464,8.056,8.248,8.207,7.765,7.292,7.104,7.068,7.12,7.212,7.229,7.246,7.303,7.395,7.511,7.607,7.616,7.583,7.646,7.707,7.389,7.002,7.095,7.562,7.813,7.797,7.822,7.902,8.218,8.676,8.676,8.218,7.902,7.822
18.195,18.108,17.976,17.926,17.926,17.976,18.108,18.195,18.214,18.289,18.446,18.602,18.815,18.603,18.341,16.905,14.561,12.372,11.591,11.487,11.349,11.196,10.706,10.229,10.014,10.046,10.057,10.067,9.84,9.555,9.225,9.046,9.045,9.222,9.165,8.959,8.761,8.694,8.689,8.777,8.806,8.79,8.581,8.277,8.024,8.021,8.063,8.118,8.058,7.812,7.7,7.996,8.252,8.045,7.739,7.722,7.884,8.002,8.127,8.365,8.555,8.478,8.234,7.886,7.682,8.124,8.956,9.567,9.702,9.891,10.084,10.03,9.794,9.277,8.754,8.31,8.287,8.127,7.798,7.422,7.186,7.05,7.012,7.075,7.163,7.281,7.374,7.468,7.626,7.74,7.66,7.527,7.651,7.852,7.582,7.154,7.182,7.584,7.771,7.725,7.768,7.905,8.139,8.387,8.387,8.139,7.905,7.768
18.015,17.882,17.719,17.652,17.652,17.719,17.882,18.015,18.07,18.169,18.302,18.534,18.919,18.901,18.818,17.254,14.381,11.815,11.218,11.442,11.341,11.183,10.875,10.57,10.337,10.25,10.235,10.264,9.992,9.672,9.52,9.575,9.524,9.44,9.13,8.794,8.683,8.883,9.025,9.054,8.965,8.844,8.582,8.338,8.092,7.968,7.989,8.22,8.293,7.971,7.781,8.119,8.498,8.487,8.244,7.96,7.771,7.77,7.983,8.367,8.707,8.667,8.357,7.995,7.769,7.752,7.997,8.648,9.405,10.189,10.646,10.547,9.952,9.235,8.882,8.5,8.272,8.018,7.858,7.613,7.326,7.055,6.87,6.875,7.075,7.361,7.543,7.652,7.804,7.863,7.662,7.423,7.55,7.858,7.788,7.52,7.402,7.473,7.506,7.536,7.746,8.065,8.21,8.101,8.101,8.21,8.065,7.746
17.626,17.5,17.399,17.368,17.368,17.399,17.5,17.626,17.748,17.857,17.877,18.239,19.138,19.121,18.171,16.097,13.734,11.841,11.427,11.604,11.4,11.161,10.956,10.794,10.58,10.425,10.289,10.236,10.098,10.008,9.971,10.004,9.871,9.678,9.341,9.06,8.933,9.052,9.12,9.122,9.023,8.911,8.678,8.464,8.234,8.1,8.102,8.305,8.408,8.202,8.094,8.365,8.695,8.846,8.708,8.205,7.684,7.513,7.693,7.959,8.247,8.401,8.378,8.159,7.887,7.656,7.643,8.373,9.491,10.575,11.118,10.907,10.04,9.206,9.029,8.738,8.378,8.019,7.9,7.702,7.423,7.097,6.776,6.706,7.022,7.435,7.56,7.558,7.692,7.803,7.699,7.536,7.592,7.773,7.776,7.671,7.518,7.414,7.35,7.395,7.682,8.103,8.283,8.118,8.118,8.283,8.103,7.682
17.2,17.114,17.115,17.142,17.142,17.115,17.114,17.2,17.383,17.481,17.359,17.813,19.253,19.033,16.683,14.015,12.884,12.321,12.012,11.832,11.452,11.103,10.886,10.785,10.619,10.468,10.181,9.991,10.088,10.356,10.324,10.119,9.905,9.785,9.634,9.555,9.332,9.1,8.93,8.945,8.938,8.934,8.788,8.565,8.355,8.315,8.304,8.3,8.321,8.356,8.444,8.576,8.727,8.948,8.913,8.334,7.642,7.329,7.379,7.34,7.412,7.819,8.281,8.293,7.983,7.845,7.968,8.755,9.825,10.797,11.22,10.897,9.978,9.173,9.097,8.881,8.518,8.099,7.887,7.642,7.422,7.138,6.753,6.627,6.999,7.437,7.404,7.232,7.349,7.58,7.723,7.765,7.711,7.615,7.548,7.542,7.466,7.4,7.333,7.338,7.586,7.989,8.302,8.378,8.378,8.302,7.989,7.586
16.873,16.676,16.383,16.241,16.241,16.383,16.676,16.873,16.893,16.851,16.742,17.152,18.442,18.184,15.913,13.575,12.977,12.762,12.321,11.836,11.311,10.914,10.706,10.656,10.507,10.365,10.103,9.952,10.133,10.47,10.426,10.146,9.837,9.658,9.625,9.762,9.566,9.157,8.917,9.024,9.108,9.131,9.008,8.792,8.635,8.72,8.697,8.449,8.34,8.576,8.849,8.892,8.877,9.021,9.03,8.675,8.159,7.674,7.39,7.163,7.209,7.606,8.122,8.282,8.133,8.098,8.213,8.862,9.731,10.503,10.823,10.595,9.938,9.363,9.339,9.114,8.703,8.242,8.04,7.807,7.589,7.283,6.868,6.669,6.924,7.25,7.146,6.977,7.162,7.503,7.773,7.886,7.774,7.549,7.44,7.469,7.437,7.407,7.344,7.317,7.469,7.756,8.159,8.514,8.514,8.159,7.756,7.469
16.786,16.382,15.539,15.078,15.078,15.539,16.382,16.786,16.493,16.248,16.302,16.554,17.076,16.964,16.209,14.963,13.937,12.912,12.169,11.579,11.011,10.652,10.467,10.437,10.267,10.133,10.061,10.104,10.177,10.26,10.193,10.036,9.668,9.329,9.285,9.549,9.489,9.163,9.058,9.291,9.422,9.377,9.203,9.005,8.905,9.086,9.061,8.652,8.424,8.722,9.083,9.128,9.041,9.0,8.971,9.032,8.954,8.354,7.698,7.492,7.711,7.839,7.954,8.108,8.24,8.267,8.237,8.621,9.232,9.813,10.095,10.125,9.913,9.658,9.611,9.299,8.817,8.355,8.257,8.089,7.815,7.436,7.04,6.79,6.809,6.943,6.889,6.895,7.2,7.586,7.8,7.815,7.727,7.584,7.477,7.458,7.417,7.408,7.352,7.317,7.362,7.494,7.901,8.435,8.435,7.901,7.494,7.362
15.469,14.911,14.139,13.716,13.716,14.139,14.911,15.469,15.517,15.47,15.456,15.425,15.451,15.469,15.682,15.248,14.155,12.856,12.079,11.546,11.101,10.798,10.452,10.233,10.064,10.059,10.146,10.289,10.264,10.151,10.053,9.99,9.666,9.322,9.271,9.529,9.525,9.291,9.252,9.487,9.608,9.546,9.382,9.23,9.16,9.32,9.293,8.937,8.721,8.941,9.224,9.276,9.193,9.04,8.978,9.306,9.494,8.74,7.779,7.652,8.104,8.067,7.855,7.978,8.302,8.394,8.295,8.462,8.82,9.188,9.399,9.616,9.787,9.751,9.566,9.182,8.829,8.474,8.356,8.187,8.011,7.662,7.161,6.743,6.623,6.698,6.711,6.813,7.073,7.372,7.595,7.684,7.689,7.618,7.538,7.494,7.433,7.415,7.374,7.366,7.341,7.339,7.674,8.237,8.237,7.674,7.339,7.341
13.469,12.885,12.841,12.835,12.835,12.841,12.885,13.469,14.43,14.93,14.597,14.28,14.397,14.46,14.491,14.11,13.411,12.598,12.096,11.751,11.539,11.28,10.662,10.124,9.97,10.15,10.279,10.38,10.326,10.195,10.075,10.016,9.828,9.661,9.611,9.719,9.644,9.452,9.363,9.467,9.52,9.506,9.419,9.325,9.242,9.266,9.24,9.14,9.068,9.103,9.172,9.23,9.229,9.107,9.034,9.327,9.448,8.56,7.506,7.475,8.109,8.118,7.845,7.938,8.259,8.389,8.34,8.46,8.703,8.941,9.071,9.304,9.598,9.558,9.169,8.76,8.692,8.518,8.245,8.002,8.053,7.839,7.13,6.492,6.418,6.622,6.68,6.727,6.777,6.895,7.209,7.538,7.663,7.602,7.558,7.531,7.451,7.393,7.367,7.413,7.396,7.351,7.57,7.994,7.994,7.57,7.351,7.396
11.453,11.021,11.486,11.771,11.771,11.486,11.021,11.453,12.754,13.588,13.341,13.056,13.181,13.143,12.909,12.573,12.351,12.15,12.018,11.922,11.951,11.713,10.795,9.961,9.991,10.501,10.57,10.411,10.265,10.169,10.061,10.014,9.887,9.792,9.774,9.863,9.802,9.648,9.514,9.502,9.511,9.57,9.53,9.414,9.27,9.195,9.186,9.287,9.338,9.249,9.158,9.197,9.237,9.16,9.093,9.269,9.288,8.505,7.631,7.639,8.216,8.241,8.001,8.037,8.262,8.368,8.363,8.466,8.641,8.846,8.998,9.16,9.3,9.201,8.893,8.635,8.712,8.588,8.203,7.871,7.955,7.809,7.141,6.517,6.413,6.601,6.735,6.837,6.776,6.74,7.03,7.428,7.624,7.619,7.605,7.573,7.487,7.425,7.402,7.454,7.463,7.451,7.582,7.823,7.823,7.582,7.451,7.463
10.465,10.31,10.712,10.964,10.964,10.712,10.31,10.465,11.204,11.951,12.295,12.416,12.363,12.069,11.691,11.432,11.502,11.683,11.804,11.879,12.038,11.796,10.692,9.731,10.068,10.944,10.878,10.333,10.053,10.019,9.958,9.945,9.741,9.522,9.556,9.828,9.892,9.745,9.6,9.567,9.589,9.706,9.653,9.432,9.205,9.141,9.163,9.283,9.351,9.282,9.188,9.184,9.191,9.147,9.103,9.159,9.121,8.666,8.176,8.118,8.375,8.346,8.209,8.194,8.287,8.313,8.305,8.414,8.606,8.91,9.207,9.243,8.992,8.814,8.905,8.939,8.924,8.667,8.285,7.872,7.705,7.493,7.161,6.843,6.613,6.599,6.831,7.122,7.138,7.058,7.184,7.399,7.564,7.641,7.63,7.559,7.489,7.469,7.43,7.425,7.461,7.551,7.68,7.805,7.805,7.68,7.551,7.461
9.958,9.963,10.118,10.233,10.233,10.118,9.963,9.958,10.14,10.551,11.054,11.383,11.368,11.162,10.904,10.825,11.053,11.439,11.798,12.017,12.138,11.799,10.715,9.824,10.24,11.141,10.954,10.247,9.938,9.973,9.914,9.87,9.647,9.428,9.486,9.794,9.92,9.829,9.725,9.695,9.726,9.867,9.782,9.477,9.182,9.121,9.142,9.225,9.289,9.288,9.246,9.213,9.163,9.101,9.041,9.002,8.946,8.749,8.568,8.537,8.63,8.591,8.512,8.433,8.406,8.37,8.381,8.481,8.646,8.964,9.316,9.282,8.839,8.651,8.994,9.131,8.9,8.498,8.21,7.9,7.7,7.506,7.348,7.15,6.829,6.655,6.811,7.109,7.223,7.238,7.282,7.35,7.512,7.674,7.683,7.593,7.549,7.573,7.532,7.487,7.533,7.679,7.78,7.799,7.799,7.78,7.679,7.533
10.116,10.008,9.885,9.838,9.838,9.885,10.008,10.116,10.186,10.19,10.12,10.226,10.55,10.875,10.999,11.145,11.315,11.616,12.101,12.37,12.255,11.718,10.834,10.165,10.328,10.852,10.667,10.192,10.011,10.071,9.936,9.777,9.65,9.64,9.686,9.796,9.845,9.834,9.815,9.82,9.865,9.988,9.855,9.488,9.149,9.1,9.118,9.141,9.189,9.261,9.284,9.239,9.129,8.996,8.884,8.845,8.819,8.594,8.408,8.54,8.831,8.85,8.701,8.575,8.526,8.506,8.55,8.618,8.705,8.906,9.156,9.165,8.913,8.803,9.043,8.977,8.524,8.06,7.919,7.917,8.073,8.039,7.666,7.181,6.861,6.689,6.567,6.606,6.771,7.006,7.157,7.252,7.471,7.674,7.719,7.642,7.622,7.663,7.642,7.605,7.632,7.741,7.781,7.746,7.746,7.781,7.741,7.632
10.222,10.056,9.814,9.7,9.7,9.814,10.056,10.222,10.281,10.018,9.498,9.376,9.877,10.571,11.041,11.383,11.45,11.599,12.101,12.399,12.178,11.652,11.167,10.819,10.658,10.642,10.365,10.1,10.042,10.158,10.02,9.811,9.74,9.829,9.807,9.731,9.742,9.862,9.898,9.847,9.798,9.826,9.754,9.639,9.415,9.199,9.038,9.024,9.093,9.196,9.274,9.307,9.225,9.01,8.804,8.78,8.825,8.635,8.473,8.673,9.033,9.105,8.968,8.806,8.702,8.687,8.782,8.816,8.806,8.857,8.972,9.059,9.101,9.099,9.145,8.835,8.246,7.756,7.715,7.858,8.114,8.127,7.729,7.22,6.973,6.829,6.555,6.424,6.586,6.911,7.098,7.197,7.434,7.654,7.741,7.704,7.71,7.755,7.76,7.753,7.755,7.796,7.782,7.745,7.745,7.782,7.796,7.755
9.943,9.863,9.805,9.797,9.797,9.805,9.863,9.943,10.071,9.909,9.473,9.312,9.619,10.194,10.76,11.166,11.156,11.191,11.586,11.908,11.863,11.651,11.596,11.499,11.155,10.732,10.234,9.939,9.913,10.133,10.116,9.983,9.852,9.794,9.688,9.625,9.72,9.955,9.934,9.667,9.397,9.287,9.432,9.905,9.961,9.371,8.863,8.908,9.074,9.113,9.179,9.369,9.427,9.157,8.846,8.831,8.964,8.943,8.9,8.989,9.14,9.228,9.23,9.025,8.772,8.725,8.894,8.928,8.848,8.806,8.845,9.015,9.278,9.367,9.273,8.846,8.297,7.8,7.695,7.637,7.535,7.423,7.348,7.248,7.102,6.964,6.848,6.829,6.917,7.066,7.113,7.142,7.345,7.59,7.712,7.712,7.722,7.746,7.771,7.811,7.807,7.79,7.772,7.797,7.797,7.772,7.79,7.807
9.707,9.773,9.888,9.98,9.98,9.888,9.773,9.707,9.788,9.724,9.518,9.422,9.521,9.859,10.33,10.713,10.748,10.815,11.128,11.441,11.559,11.597,11.794,11.828,11.43,10.834,10.228,9.891,9.826,10.054,10.112,10.067,9.914,9.745,9.511,9.362,9.479,9.834,9.893,9.625,9.286,9.052,9.257,10.02,10.24,9.517,8.832,8.811,8.955,8.984,9.103,9.405,9.558,9.292,8.944,8.919,9.083,9.2,9.265,9.212,9.123,9.18,9.303,9.199,8.996,8.949,9.067,9.059,8.959,8.875,8.868,9.025,9.326,9.408,9.239,8.812,8.38,7.972,7.899,7.669,7.15,6.835,7.063,7.378,7.345,7.214,7.214,7.277,7.324,7.359,7.34,7.328,7.415,7.56,7.672,7.742,7.792,7.825,7.853,7.885,7.857,7.811,7.788,7.837,7.837,7.788,7.811,7.857
9.675,9.879,9.984,10.072,10.072,9.984,9.879,9.675,9.509,9.366,9.347,9.398,9.484,9.694,9.955,10.259,10.472,10.723,11.031,11.289,11.423,11.466,11.573,11.543,11.239,10.789,10.236,9.871,9.771,9.957,9.991,9.95,9.858,9.756,9.381,8.973,8.984,9.434,9.796,9.897,9.772,9.469,9.426,9.861,9.967,9.54,9.001,8.699,8.62,8.768,9.059,9.354,9.476,9.275,8.989,8.926,9.022,9.157,9.257,9.11,8.89,8.878,9.037,9.197,9.314,9.324,9.248,9.152,9.103,9.058,9.061,9.087,9.158,9.099,8.97,8.66,8.318,8.078,8.219,8.065,7.379,6.897,7.154,7.567,7.606,7.484,7.373,7.33,7.433,7.609,7.709,7.73,7.647,7.551,7.599,7.761,7.899,7.987,7.991,7.938,7.868,7.842,7.803,7.8,7.8,7.803,7.842,7.868
9.723,9.975,10.008,10.055,10.055,10.008,9.975,9.723,9.386,9.167,9.247,9.378,9.472,9.56,9.564,9.773,10.192,10.718,11.171,11.434,11.457,11.298,11.163,11.02,10.876,10.742,10.482,10.244,9.965,9.816,9.714,9.735,9.731,9.71,9.275,8.709,8.624,9.085,9.607,9.941,10.018,9.798,9.571,9.553,9.488,9.43,9.196,8.803,8.6,8.805,9.135,9.329,9.371,9.252,9.077,8.996,9.014,9.105,9.195,9.077,8.894,8.81,8.889,9.235,9.646,9.688,9.409,9.224,9.228,9.206,9.193,9.082,8.949,8.788,8.729,8.565,8.34,8.246,8.524,8.408,7.618,7.029,7.291,7.747,7.808,7.686,7.534,7.455,7.574,7.806,7.995,8.071,7.893,7.645,7.631,7.828,8.021,8.16,8.146,8.018,7.914,7.911,7.846,7.772,7.772,7.846,7.911,7.914
9.751,9.907,9.852,9.849,9.849,9.852,9.907,9.751,9.471,9.262,9.3,9.361,9.42,9.402,9.222,9.368,9.908,10.693,11.467,11.867,11.679,11.165,10.79,10.581,10.532,10.626,10.681,10.632,10.126,9.558,9.355,9.534,9.603,9.582,9.217,8.745,8.686,9.094,9.422,9.501,9.539,9.576,9.466,9.254,9.098,9.161,9.202,9.129,9.102,9.203,9.319,9.373,9.353,9.276,9.18,9.112,9.105,9.14,9.216,9.284,9.323,9.199,9.077,9.378,9.86,9.853,9.456,9.203,9.218,9.164,9.085,8.95,8.848,8.742,8.721,8.633,8.512,8.431,8.604,8.342,7.433,6.822,7.202,7.78,7.812,7.667,7.683,7.751,7.775,7.811,7.935,8.052,7.958,7.792,7.78,7.912,8.084,8.238,8.235,8.112,8.004,7.993,7.897,7.784,7.784,7.897,7.993,8.004
9.772,9.819,9.758,9.748,9.748,9.758,9.819,9.772,9.67,9.505,9.4,9.303,9.309,9.253,9.036,9.191,9.773,10.657,11.585,12.045,11.72,11.024,10.575,10.428,10.503,10.861,11.592,12.072,11.126,9.624,9.043,9.365,9.449,9.404,9.168,8.894,8.837,9.052,9.117,8.989,8.995,9.221,9.271,9.046,8.921,9.05,9.284,9.513,9.643,9.61,9.496,9.425,9.365,9.313,9.291,9.291,9.315,9.289,9.305,9.523,9.769,9.666,9.415,9.54,9.878,9.839,9.525,9.296,9.273,9.122,8.933,8.788,8.797,8.778,8.748,8.683,8.65,8.574,8.615,8.255,7.385,6.847,7.255,7.832,7.815,7.677,7.878,8.107,8.041,7.871,7.889,8.012,8.024,7.997,7.987,8.024,8.131,8.266,8.27,8.175,8.075,8.048,7.929,7.8,7.8,7.929,8.048,8.075
9.783,9.832,9.893,9.953,9.953,9.893,9.832,9.783,9.832,9.681,9.394,9.126,9.091,9.093,9.019,9.274,9.849,10.596,11.269,11.562,11.295,10.826,10.615,10.726,10.985,11.677,13.701,15.286,13.577,10.311,8.865,9.253,9.292,9.248,9.12,8.996,8.811,8.679,8.661,8.792,8.948,9.067,9.105,9.02,9.074,9.325,9.59,9.738,9.754,9.665,9.513,9.403,9.339,9.308,9.354,9.49,9.614,9.545,9.44,9.593,9.841,9.833,9.678,9.62,9.664,9.693,9.715,9.643,9.534,9.228,8.893,8.684,8.762,8.77,8.671,8.589,8.617,8.631,8.711,8.463,7.807,7.362,7.608,7.99,7.956,7.884,8.133,8.39,8.312,8.101,8.065,8.148,8.165,8.166,8.13,8.111,8.157,8.255,8.245,8.166,8.068,8.028,7.904,7.786,7.786,7.904,8.028,8.068
9.697,9.79,10.03,10.192,10.192,10.03,9.79,9.697,9.892,9.811,9.444,9.084,8.993,9.051,9.164,9.511,9.996,10.497,10.833,10.958,10.87,10.757,10.808,11.102,11.481,12.287,14.777,16.746,14.741,10.806,8.944,9.242,9.169,9.093,8.994,8.944,8.671,8.332,8.331,8.727,9.015,8.998,9.01,9.09,9.305,9.611,9.819,9.809,9.695,9.613,9.515,9.426,9.376,9.353,9.422,9.622,9.801,9.732,9.575,9.621,9.781,9.865,9.865,9.673,9.447,9.514,9.811,9.864,9.684,9.287,8.888,8.645,8.738,8.728,8.564,8.448,8.499,8.57,8.663,8.558,8.219,7.944,8.001,8.134,8.085,8.077,8.305,8.545,8.535,8.401,8.357,8.378,8.35,8.328,8.258,8.211,8.205,8.256,8.212,8.131,8.026,7.982,7.869,7.771,7.771,7.869,7.982,8.026
9.406,9.513,9.916,10.169,10.169,9.916,9.513,9.406,9.755,9.878,9.654,9.354,9.191,9.185,9.341,9.662,9.997,10.362,10.667,10.868,10.943,10.961,11.008,11.174,11.515,12.006,13.003,13.606,12.367,10.346,9.274,9.309,9.081,8.891,8.687,8.596,8.418,8.266,8.32,8.588,8.842,8.939,9.037,9.109,9.272,9.511,9.699,9.747,9.716,9.691,9.634,9.568,9.518,9.495,9.523,9.599,9.679,9.667,9.64,9.715,9.838,9.933,9.954,9.75,9.483,9.448,9.641,9.625,9.445,9.131,8.86,8.675,8.713,8.659,8.507,8.395,8.449,8.45,8.373,8.27,8.223,8.191,8.184,8.168,8.083,8.076,8.259,8.499,8.623,8.643,8.635,8.594,8.521,8.466,8.371,8.319,8.29,8.318,8.246,8.145,8.029,7.985,7.878,7.789,7.789,7.878,7.985,8.029
9.257,9.373,9.817,10.094,10.094,9.817,9.373,9.257,9.626,9.884,9.867,9.689,9.459,9.366,9.523,9.792,9.983,10.24,10.549,10.839,11.067,11.151,11.066,10.967,11.231,11.364,10.518,9.451,9.238,9.677,9.67,9.428,9.086,8.811,8.497,8.327,8.287,8.425,8.527,8.545,8.674,8.896,9.086,9.133,9.218,9.354,9.522,9.673,9.771,9.799,9.77,9.732,9.686,9.667,9.646,9.56,9.51,9.559,9.687,9.807,9.894,9.953,9.953,9.81,9.626,9.472,9.431,9.298,9.166,8.969,8.83,8.693,8.657,8.545,8.409,8.294,8.338,8.247,7.985,7.828,7.958,8.132,8.179,8.144,8.029,8.003,8.202,8.5,8.729,8.844,8.877,8.817,8.714,8.621,8.515,8.472,8.423,8.415,8.277,8.114,7.976,7.959,7.878,7.794,7.794,7.878,7.959,7.976
9.618,9.736,10.013,10.194,10.194,10.013,9.736,9.618,9.786,9.897,9.904,9.744,9.466,9.385,9.657,9.98,10.12,10.199,10.224,10.361,10.767,11.067,10.883,10.607,10.935,11.172,10.093,8.761,8.814,9.752,9.914,9.552,9.197,8.969,8.691,8.534,8.506,8.649,8.714,8.671,8.687,8.781,8.973,9.187,9.411,9.538,9.668,9.813,9.893,9.884,9.832,9.809,9.798,9.81,9.806,9.718,9.65,9.705,9.832,9.889,9.903,9.946,9.978,9.867,9.707,9.556,9.497,9.38,9.287,9.043,8.788,8.564,8.53,8.39,8.197,8.039,8.094,7.999,7.695,7.515,7.644,7.899,8.116,8.222,8.09,8.048,8.427,8.905,9.111,9.104,9.124,9.106,9.005,8.9,8.8,8.76,8.646,8.536,8.23,7.923,7.756,7.843,7.831,7.736,7.736,7.831,7.843,7.756
10.114,10.256,10.327,10.393,10.393,10.327,10.256,10.114,10.004,9.895,9.904,9.761,9.459,9.393,9.734,10.09,10.225,10.16,9.88,9.791,10.269,10.724,10.495,10.167,10.581,11.083,10.668,9.905,9.772,10.063,9.93,9.614,9.338,9.225,9.058,8.958,8.882,8.893,8.886,8.883,8.835,8.75,8.894,9.264,9.641,9.799,9.905,10.002,10.015,9.957,9.875,9.844,9.854,9.896,9.934,9.915,9.883,9.897,9.935,9.906,9.869,9.9,9.961,9.874,9.729,9.622,9.611,9.562,9.52,9.208,8.795,8.452,8.418,8.233,7.937,7.718,7.787,7.749,7.516,7.364,7.43,7.662,7.974,8.199,8.088,8.101,8.707,9.364,9.47,9.25,9.249,9.321,9.25,9.134,9.033,8.986,8.811,8.619,8.186,7.773,7.569,7.708,7.749,7.675,7.675,7.749,7.708,7.569
10.186,10.453,10.566,10.657,10.657,10.566,10.453,10.186,9.907,9.836,10.132,10.202,9.874,9.665,9.851,10.045,10.106,9.969,9.607,9.427,9.791,10.187,9.998,9.75,10.145,10.649,10.487,10.002,9.853,9.945,9.802,9.603,9.432,9.381,9.291,9.24,9.159,9.111,9.069,9.078,9.053,8.993,9.101,9.378,9.676,9.827,9.948,10.052,10.094,10.093,10.035,9.948,9.895,9.938,10.005,9.995,9.947,9.895,9.864,9.828,9.828,9.845,9.877,9.81,9.705,9.543,9.428,9.395,9.476,9.288,8.941,8.56,8.399,8.045,7.63,7.339,7.414,7.463,7.339,7.341,7.585,7.822,7.853,7.829,7.777,8.003,8.799,9.552,9.571,9.208,9.264,9.478,9.416,9.222,9.063,8.987,8.809,8.643,8.273,7.922,7.644,7.606,7.621,7.702,7.702,7.621,7.606,7.644
10.111,10.468,10.717,10.886,10.886,10.717,10.468,10.111,9.826,9.903,10.446,10.687,10.35,9.984,9.953,9.938,9.908,9.774,9.506,9.342,9.481,9.67,9.574,9.484,9.774,10.113,10.005,9.678,9.544,9.581,9.538,9.499,9.442,9.416,9.369,9.347,9.278,9.219,9.17,9.176,9.225,9.314,9.423,9.501,9.623,9.752,9.903,10.034,10.14,10.23,10.224,10.106,9.985,10.0,10.047,10.006,9.922,9.815,9.748,9.74,9.799,9.807,9.796,9.738,9.668,9.436,9.2,9.14,9.297,9.28,9.121,8.785,8.491,7.969,7.457,7.112,7.184,7.299,7.254,7.392,7.839,8.07,7.729,7.394,7.469,7.95,8.785,9.472,9.448,9.069,9.182,9.476,9.434,9.205,8.986,8.857,8.7,8.612,8.402,8.207,7.882,7.616,7.552,7.772,7.772,7.552,7.616,7.882
10.624,10.831,11.009,11.135,11.135,11.009,10.831,10.624,10.514,10.57,10.862,10.876,10.514,10.157,10.144,10.106,9.984,9.785,9.576,9.407,9.34,9.337,9.295,9.301,9.417,9.531,9.426,9.239,9.165,9.216,9.276,9.359,9.415,9.444,9.444,9.434,9.378,9.328,9.24,9.174,9.24,9.45,9.646,9.713,9.798,9.901,10.04,10.179,10.312,10.417,10.47,10.49,10.446,10.372,10.27,10.152,10.055,9.951,9.898,9.843,9.841,9.854,9.89,9.843,9.755,9.546,9.348,9.225,9.259,9.266,9.275,9.076,8.808,8.233,7.61,7.19,7.307,7.406,7.252,7.267,7.65,7.865,7.502,7.281,7.691,8.403,9.044,9.419,9.409,9.176,9.215,9.38,9.436,9.396,9.193,8.953,8.728,8.633,8.491,8.402,8.143,7.873,7.736,7.848,7.848,7.736,7.873,8.143
11.282,11.24,11.247,11.27,11.27,11.247,11.24,11.282,11.41,11.347,11.148,10.771,10.422,10.194,10.3,10.33,10.152,9.898,9.735,9.578,9.397,9.276,9.248,9.274,9.235,9.163,8.993,8.855,8.814,8.904,9.048,9.213,9.351,9.421,9.437,9.409,9.359,9.335,9.227,9.093,9.161,9.448,9.76,9.919,10.059,10.146,10.251,10.373,10.493,10.562,10.656,10.851,10.94,10.797,10.543,10.345,10.234,10.172,10.17,10.046,9.934,9.943,10.043,10.002,9.891,9.761,9.683,9.489,9.306,9.221,9.31,9.235,9.067,8.551,7.91,7.459,7.592,7.604,7.284,7.084,7.259,7.453,7.315,7.433,8.151,8.947,9.29,9.308,9.373,9.367,9.276,9.207,9.369,9.598,9.459,9.122,8.811,8.667,8.516,8.466,8.323,8.188,8.002,7.883,7.883,8.002,8.188,8.323
11.79,11.613,11.47,11.407,11.407,11.47,11.613,11.79,11.98,11.776,11.249,10.733,10.635,10.542,10.469,10.291,10.052,9.81,9.699,9.586,9.378,9.219,9.219,9.267,9.153,8.991,8.855,8.777,8.544,8.395,8.604,9.03,9.356,9.47,9.315,9.002,8.908,9.102,9.208,9.16,9.341,9.729,10.11,10.269,10.399,10.5,10.58,10.629,10.692,10.772,10.897,11.094,11.212,11.171,10.989,10.723,10.496,10.418,10.45,10.303,10.136,10.028,10.03,10.027,10.049,10.018,9.964,9.712,9.417,9.218,9.253,9.081,8.799,8.335,7.943,7.586,7.505,7.368,7.142,7.033,7.153,7.342,7.351,7.601,8.323,9.023,9.201,9.116,9.301,9.473,9.312,9.076,9.276,9.651,9.574,9.221,8.89,8.726,8.587,8.571,8.46,8.34,8.101,7.885,7.885,8.101,8.34,8.46
11.932,11.779,11.584,11.494,11.494,11.584,11.779,11.932,12.025,11.736,11.175,10.765,10.937,10.908,10.552,10.103,9.852,9.675,9.584,9.508,9.361,9.25,9.247,9.277,9.192,9.074,9.007,8.941,8.47,8.042,8.278,8.942,9.406,9.523,9.286,8.847,8.714,8.972,9.221,9.32,9.637,10.075,10.459,10.574,10.668,10.789,10.853,10.824,10.826,10.931,11.052,11.111,11.164,11.3,11.321,11.045,10.703,10.593,10.634,10.509,10.349,10.11,9.96,9.992,10.172,10.196,10.091,9.806,9.506,9.213,9.113,8.736,8.255,7.835,7.786,7.578,7.216,6.941,6.933,7.07,7.236,7.429,7.513,7.732,8.219,8.695,8.872,8.917,9.207,9.446,9.299,9.024,9.2,9.565,9.525,9.232,8.943,8.788,8.65,8.624,8.471,8.296,8.035,7.847,7.847,8.035,8.296,8.471
11.959,12.024,11.99,11.994,11.994,11.99,12.024,11.959,11.861,11.672,11.524,11.366,11.383,11.146,10.699,10.25,10.11,10.012,9.861,9.698,9.56,9.432,9.266,9.152,9.13,9.158,9.082,8.945,8.547,8.248,8.569,9.246,9.543,9.504,10.308,11.457,11.375,10.127,9.357,9.556,10.022,10.47,10.872,11.014,11.087,11.133,11.138,11.121,11.137,11.248,11.288,11.137,11.034,11.224,11.404,11.234,10.952,10.873,10.915,10.826,10.703,10.493,10.348,10.352,10.482,10.402,10.191,9.79,9.419,9.088,9.0,8.565,7.956,7.566,7.746,7.648,7.125,6.745,6.839,7.062,7.177,7.342,7.531,7.79,8.098,8.389,8.587,8.751,9.086,9.348,9.296,9.108,9.286,9.598,9.569,9.327,9.102,8.992,8.832,8.732,8.512,8.308,8.049,7.897,7.897,8.049,8.308,8.512
11.816,12.151,12.373,12.526,12.526,12.373,12.151,11.816,11.544,11.558,11.986,12.091,11.717,11.166,10.811,10.563,10.577,10.533,10.286,9.983,9.815,9.639,9.282,9.014,9.052,9.226,9.084,8.851,8.732,8.817,9.222,9.727,9.716,9.496,11.66,14.869,14.938,11.858,9.74,9.904,10.381,10.758,11.139,11.334,11.401,11.336,11.279,11.335,11.41,11.509,11.449,11.129,10.874,10.998,11.231,11.215,11.107,11.1,11.136,11.076,10.997,10.929,10.905,10.837,10.766,10.5,10.193,9.686,9.258,8.949,8.955,8.588,7.975,7.594,7.804,7.729,7.215,6.807,6.856,7.004,7.034,7.17,7.443,7.763,7.979,8.174,8.419,8.67,8.973,9.194,9.274,9.259,9.458,9.687,9.643,9.432,9.271,9.218,9.016,8.802,8.509,8.313,8.079,7.963,7.963,8.079,8.313,8.509
11.885,12.209,12.501,12.694,12.694,12.501,12.209,11.885,11.714,11.8,12.216,12.299,11.913,11.377,11.061,10.853,10.883,10.827,10.551,10.192,9.922,9.72,9.529,9.417,9.345,9.306,9.085,8.906,8.948,9.214,9.676,10.136,10.208,10.128,12.285,15.387,16.023,13.908,12.065,11.615,11.359,11.347,11.425,11.534,11.578,11.515,11.466,11.509,11.568,11.65,11.597,11.326,11.096,11.147,11.32,11.371,11.386,11.476,11.549,11.46,11.317,11.311,11.376,11.179,10.874,10.522,10.295,9.912,9.593,9.256,9.106,8.714,8.252,7.961,8.11,7.986,7.524,7.049,6.881,6.85,6.849,7.087,7.561,7.998,8.079,8.083,8.316,8.617,8.858,9.028,9.228,9.396,9.675,9.886,9.858,9.666,9.578,9.588,9.24,8.761,8.361,8.27,8.098,7.958,7.958,8.098,8.27,8.361
12.057,12.133,12.3,12.419,12.419,12.3,12.133,12.057,12.172,12.19,12.107,11.942,11.865,11.617,11.294,10.983,10.905,10.782,10.549,10.23,9.854,9.655,9.841,10.066,9.794,9.35,9.081,9.059,9.096,9.295,9.763,10.295,10.75,11.028,12.018,13.203,14.481,15.248,14.937,13.686,12.421,11.931,11.605,11.549,11.557,11.579,11.583,11.55,11.541,11.609,11.65,11.599,11.535,11.529,11.558,11.569,11.613,11.768,11.895,11.742,11.482,11.452,11.547,11.235,10.777,10.457,10.412,10.285,10.167,9.789,9.359,8.89,8.652,8.46,8.469,8.241,7.861,7.335,6.903,6.68,6.718,7.116,7.774,8.305,8.293,8.135,8.314,8.606,8.78,8.91,9.167,9.445,9.814,10.07,10.077,9.89,9.847,9.892,9.386,8.652,8.167,8.2,8.08,7.872,7.872,8.08,8.2,8.167
12.086,12.009,12.021,12.05,12.05,12.021,12.009,12.086,12.277,12.256,11.998,11.821,11.991,11.935,11.578,11.19,11.083,10.958,10.746,10.47,10.145,9.978,10.15,10.334,10.018,9.56,9.378,9.462,9.469,9.576,10.052,10.681,11.492,12.113,12.477,12.491,13.823,15.838,16.392,15.103,13.633,12.958,12.415,12.252,12.113,11.99,11.882,11.825,11.821,11.863,11.937,12.026,12.05,11.948,11.819,11.77,11.805,11.904,11.99,11.853,11.655,11.684,11.816,11.549,11.11,10.729,10.59,10.474,10.466,10.206,9.845,9.422,9.203,8.874,8.62,8.228,7.929,7.492,7.03,6.83,7.018,7.466,7.948,8.293,8.294,8.215,8.39,8.648,8.788,8.91,9.222,9.578,9.974,10.221,10.298,10.196,10.161,10.155,9.711,9.099,8.55,8.366,8.053,7.786,7.786,8.053,8.366,8.55
11.943,11.867,11.764,11.726,11.726,11.764,11.867,11.943,11.978,11.958,11.903,11.938,12.184,12.147,11.749,11.343,11.29,11.223,11.005,10.756,10.61,10.485,10.284,10.095,9.9,9.807,9.798,9.891,9.856,9.879,10.361,11.067,12.041,12.824,13.349,13.42,14.217,15.365,15.767,15.185,14.381,13.89,13.413,13.244,12.925,12.509,12.188,12.163,12.227,12.248,12.284,12.371,12.368,12.182,11.958,11.855,11.847,11.799,11.773,11.724,11.722,11.854,12.011,11.921,11.661,11.17,10.717,10.379,10.341,10.293,10.289,10.007,9.612,8.987,8.479,7.947,7.691,7.435,7.182,7.195,7.562,7.932,7.976,7.961,8.076,8.265,8.487,8.7,8.854,9.003,9.336,9.697,10.045,10.241,10.388,10.406,10.342,10.228,10.022,9.832,9.275,8.655,8.012,7.718,7.718,8.012,8.655,9.275
11.931,11.832,11.658,11.58,11.58,11.658,11.832,11.931,11.92,11.899,11.907,12.016,12.274,12.348,12.171,11.894,11.744,11.563,11.369,11.178,11.063,10.911,10.575,10.287,10.198,10.305,10.417,10.54,10.532,10.537,10.952,11.579,12.509,13.303,13.974,14.227,14.681,15.127,15.496,15.638,15.503,15.21,14.718,14.374,13.786,13.191,12.691,12.544,12.558,12.628,12.691,12.686,12.576,12.365,12.148,12.024,11.979,11.855,11.775,11.766,11.845,11.935,12.016,12.09,12.085,11.589,10.915,10.448,10.427,10.384,10.363,10.165,9.935,9.335,8.643,8.034,7.925,7.824,7.635,7.61,7.862,8.065,7.959,7.881,8.075,8.368,8.56,8.7,8.845,9.013,9.348,9.687,9.931,10.041,10.335,10.599,10.561,10.305,10.212,10.296,9.781,8.955,8.087,7.673,7.673,8.087,8.955,9.781
12.041,11.895,11.729,11.654,11.654,11.729,11.895,12.041,12.126,12.104,11.988,11.987,12.181,12.408,12.617,12.554,12.196,11.777,11.629,11.5,11.244,11.003,10.854,10.814,10.759,10.784,10.898,11.066,11.144,11.207,11.517,11.946,12.642,13.288,14.003,14.457,14.951,15.255,15.753,16.261,16.449,16.261,15.665,15.042,14.227,13.671,13.127,12.744,12.601,12.775,12.929,12.784,12.533,12.372,12.27,12.173,12.117,12.036,11.989,11.948,11.944,11.86,11.798,11.942,12.144,11.753,11.058,10.63,10.677,10.418,9.981,9.762,9.985,9.743,9.021,8.434,8.505,8.458,8.147,7.831,7.706,7.735,7.868,8.082,8.281,8.446,8.544,8.616,8.732,8.9,9.213,9.519,9.657,9.689,10.14,10.66,10.692,10.329,10.156,10.219,9.781,9.091,8.218,7.647,7.647,8.218,9.091,9.781
12.021,11.979,11.986,12.012,12.012,11.986,11.979,12.021,12.146,12.101,11.867,11.83,12.097,12.526,12.994,13.083,12.647,12.084,11.875,11.718,11.421,11.197,11.158,11.246,11.248,11.262,11.356,11.495,11.595,11.682,11.883,12.142,12.629,13.138,13.843,14.415,14.989,15.296,15.881,16.523,16.865,16.765,16.261,15.727,14.844,14.037,13.337,13.068,13.031,13.134,13.189,13.034,12.79,12.6,12.459,12.332,12.26,12.178,12.131,12.05,11.982,11.776,11.609,11.724,11.991,11.793,11.31,10.885,10.737,10.333,9.882,9.686,9.934,9.858,9.386,9.019,9.159,9.071,8.641,8.202,8.048,8.053,8.118,8.27,8.446,8.597,8.649,8.679,8.79,8.967,9.253,9.506,9.525,9.462,9.947,10.592,10.729,10.403,10.14,10.042,9.657,9.207,8.429,7.733,7.733,8.429,9.207,9.657
11.8,12.036,12.372,12.588,12.588,12.372,12.036,11.8,11.854,11.763,11.486,11.536,12.006,12.604,13.07,13.165,12.84,12.306,11.932,11.649,11.471,11.395,11.296,11.278,11.344,11.465,11.534,11.572,11.599,11.648,11.799,12.028,12.466,12.934,13.578,14.103,14.739,15.184,15.761,16.229,16.474,16.403,16.169,16.106,15.353,14.036,13.104,13.321,13.672,13.546,13.346,13.354,13.289,12.973,12.611,12.397,12.314,12.181,12.091,11.984,11.915,11.706,11.532,11.526,11.666,11.657,11.53,11.044,10.474,10.101,10.155,10.03,9.76,9.521,9.489,9.464,9.513,9.298,8.805,8.504,8.771,8.945,8.59,8.271,8.423,8.733,8.814,8.843,8.989,9.193,9.465,9.67,9.613,9.473,9.843,10.41,10.644,10.505,10.196,9.875,9.478,9.237,8.597,7.885,7.885,8.597,9.237,9.478
11.81,11.746,11.784,11.825,11.825,11.784,11.746,11.81,12.005,11.994,11.691,11.753,12.339,12.915,13.136,13.104,12.956,12.618,12.248,11.903,11.704,11.612,11.495,11.469,11.544,11.672,11.703,11.69,11.708,11.764,11.84,11.965,12.328,12.772,13.351,13.814,14.471,15.012,15.571,15.901,16.069,16.016,16.003,16.29,15.782,14.392,13.422,13.811,14.192,13.8,13.334,13.324,13.349,13.073,12.72,12.473,12.328,12.116,11.97,11.859,11.833,11.699,11.588,11.521,11.55,11.651,11.764,11.338,10.633,10.275,10.501,10.388,9.921,9.617,9.754,9.817,9.727,9.479,9.139,9.061,9.529,9.723,9.139,8.527,8.53,8.822,8.996,9.125,9.213,9.296,9.524,9.743,9.7,9.557,9.792,10.198,10.402,10.351,10.035,9.634,9.302,9.237,8.686,7.912,7.912,8.686,9.237,9.302
12.013,11.039,10.156,9.661,9.661,10.156,11.039,12.013,12.616,12.832,12.505,12.447,12.974,13.319,13.159,12.924,12.926,12.871,12.725,12.425,11.982,11.642,11.607,11.758,11.784,11.78,11.783,11.817,11.927,12.058,12.052,12.015,12.291,12.743,13.305,13.74,14.363,14.88,15.448,15.815,16.009,15.946,15.933,16.198,15.898,14.992,14.217,14.266,14.211,13.683,13.112,12.858,12.788,12.757,12.719,12.534,12.294,12.005,11.812,11.722,11.776,11.752,11.732,11.728,11.763,11.831,11.901,11.661,11.266,10.861,10.677,10.488,10.408,10.242,10.084,9.84,9.626,9.483,9.496,9.61,9.841,9.832,9.426,8.949,8.704,8.74,9.037,9.359,9.292,9.115,9.295,9.617,9.692,9.634,9.815,10.071,10.1,9.938,9.656,9.414,9.218,9.2,8.603,7.698,7.698,8.603,9.2,9.218
12.621,11.066,9.374,8.41,8.41,9.374,11.066,12.621,13.219,13.435,13.218,13.162,13.576,13.684,13.261,12.87,12.911,13.026,13.078,12.921,12.475,12.057,11.998,12.118,12.043,11.943,11.907,11.968,12.123,12.294,12.243,12.112,12.298,12.702,13.227,13.654,14.21,14.636,15.136,15.49,15.742,15.78,15.836,16.009,15.956,15.72,15.277,14.951,14.371,13.645,12.933,12.45,12.289,12.432,12.632,12.475,12.159,11.868,11.703,11.623,11.691,11.774,11.875,11.92,11.918,11.887,11.856,11.762,11.672,11.294,10.828,10.588,10.788,10.735,10.385,9.983,9.78,9.751,9.95,10.12,10.148,9.979,9.69,9.338,9.016,8.929,9.228,9.571,9.42,9.124,9.216,9.512,9.636,9.652,9.772,9.897,9.815,9.612,9.377,9.241,9.136,9.144,8.594,7.74,7.74,8.594,9.144,9.136
13.452,12.102,10.206,9.129,9.129,10.206,12.102,13.452,13.466,13.354,13.359,13.451,13.713,13.728,13.417,13.069,12.96,12.958,13.031,13.065,12.987,12.807,12.567,12.344,12.164,12.092,12.02,12.038,12.143,12.285,12.253,12.163,12.302,12.611,13.103,13.565,14.078,14.406,14.768,15.003,15.31,15.575,15.816,15.93,16.063,16.329,16.181,15.688,14.755,13.764,12.86,12.313,12.172,12.327,12.528,12.304,11.939,11.742,11.711,11.621,11.608,11.744,11.942,11.953,11.829,11.681,11.587,11.481,11.438,11.184,10.861,10.648,10.716,10.649,10.442,10.254,10.24,10.247,10.262,10.272,10.346,10.209,9.783,9.377,9.277,9.382,9.525,9.637,9.549,9.403,9.402,9.504,9.531,9.545,9.625,9.724,9.723,9.649,9.422,9.185,9.038,9.083,8.727,8.145,8.145,8.727,9.083,9.038
13.801,13.002,11.397,10.493,10.493,11.397,13.002,13.801,13.242,12.846,13.058,13.431,13.819,13.877,13.508,13.073,12.918,12.899,12.946,13.064,13.258,13.28,12.939,12.495,12.261,12.224,12.144,12.136,12.162,12.235,12.247,12.254,12.36,12.545,12.947,13.385,13.801,14.01,14.272,14.477,14.824,15.184,15.497,15.577,15.764,16.18,16.199,15.792,14.915,13.96,13.073,12.58,12.39,12.301,12.272,12.046,11.817,11.715,11.72,11.577,11.463,11.568,11.793,11.823,11.706,11.532,11.399,11.261,11.21,11.056,10.897,10.73,10.675,10.588,10.511,10.501,10.628,10.655,10.531,10.412,10.498,10.393,9.931,9.531,9.578,9.768,9.729,9.634,9.634,9.668,9.601,9.52,9.463,9.474,9.5,9.552,9.565,9.552,9.389,9.189,9.03,9.019,8.76,8.401,8.401,8.76,9.019,9.03
13.323,13.073,12.084,11.539,11.539,12.084,13.073,13.323,12.58,12.167,12.468,13.203,14.146,14.396,13.567,12.754,12.759,12.958,12.984,12.993,13.083,13.066,12.804,12.481,12.29,12.246,12.194,12.2,12.177,12.184,12.244,12.348,12.44,12.526,12.81,13.162,13.468,13.595,13.883,14.226,14.571,14.756,14.919,15.027,15.103,15.184,15.127,15.037,14.65,14.06,13.442,13.133,12.853,12.326,11.896,11.776,11.867,11.82,11.718,11.474,11.271,11.26,11.43,11.579,11.67,11.626,11.494,11.338,11.255,11.078,10.915,10.778,10.771,10.698,10.583,10.527,10.623,10.671,10.632,10.552,10.549,10.41,10.098,9.81,9.754,9.774,9.655,9.557,9.596,9.692,9.639,9.538,9.492,9.509,9.47,9.425,9.282,9.15,9.113,9.201,9.132,8.971,8.59,8.207,8.207,8.59,8.971,9.132
12.596,12.718,12.336,12.141,12.141,12.336,12.718,12.596,11.961,11.64,11.883,12.639,13.729,14.075,13.171,12.365,12.558,12.902,12.88,12.769,12.767,12.744,12.614,12.457,12.323,12.267,12.263,12.313,12.252,12.188,12.247,12.394,12.488,12.535,12.702,12.919,13.1,13.175,13.474,13.894,14.234,14.319,14.383,14.502,14.407,14.072,13.897,14.143,14.338,14.28,13.993,13.691,13.167,12.331,11.693,11.693,12.002,11.871,11.564,11.286,11.146,11.057,11.115,11.294,11.516,11.576,11.487,11.367,11.295,11.134,10.988,10.887,10.924,10.86,10.71,10.588,10.609,10.642,10.686,10.651,10.555,10.399,10.279,10.126,9.936,9.753,9.576,9.505,9.564,9.679,9.605,9.473,9.446,9.5,9.455,9.374,9.173,8.999,9.026,9.24,9.178,8.904,8.433,8.026,8.026,8.433,8.904,9.178
12.162,12.213,11.987,11.881,11.881,11.987,12.213,12.162,11.843,11.626,11.674,11.968,12.458,12.677,12.362,12.152,12.428,12.682,12.593,12.468,12.577,12.691,12.618,12.466,12.337,12.289,12.34,12.443,12.374,12.253,12.236,12.326,12.444,12.564,12.682,12.762,12.87,12.969,13.207,13.488,13.864,14.185,14.379,14.407,14.125,13.594,13.369,13.744,14.258,14.643,14.538,13.866,12.928,12.161,11.771,11.861,12.11,11.72,11.163,10.996,11.151,11.138,11.094,11.126,11.217,11.245,11.228,11.21,11.219,11.163,11.092,11.034,11.06,10.987,10.85,10.721,10.715,10.712,10.729,10.667,10.536,10.407,10.412,10.345,10.102,9.811,9.588,9.503,9.563,9.668,9.494,9.261,9.239,9.383,9.42,9.404,9.373,9.352,9.302,9.263,9.053,8.805,8.407,8.078,8.078,8.407,8.805,9.053
11.823,11.736,11.585,11.518,11.518,11.585,11.736,11.823,11.831,11.724,11.598,11.351,11.052,11.061,11.472,11.975,12.282,12.393,12.279,12.184,12.378,12.608,12.644,12.558,12.439,12.364,12.425,12.55,12.483,12.343,12.262,12.284,12.378,12.517,12.593,12.598,12.612,12.649,12.819,13.059,13.407,13.723,13.955,14.051,13.861,13.393,13.226,13.607,14.199,14.782,14.782,13.943,12.863,12.273,12.095,12.127,12.184,11.649,11.037,10.937,11.218,11.197,11.052,10.953,10.944,10.929,10.948,11.016,11.116,11.183,11.207,11.162,11.102,11.013,10.979,10.902,10.835,10.749,10.717,10.637,10.522,10.424,10.443,10.397,10.193,9.933,9.71,9.601,9.643,9.717,9.467,9.161,9.099,9.26,9.361,9.438,9.578,9.702,9.575,9.29,8.947,8.742,8.433,8.2,8.2,8.433,8.742,8.947
11.576,11.573,11.624,11.674,11.674,11.624,11.573,11.576,11.688,11.649,11.533,11.042,10.245,10.079,10.903,11.821,12.143,12.18,12.078,11.992,12.128,12.375,12.634,12.778,12.681,12.49,12.488,12.586,12.518,12.405,12.339,12.353,12.341,12.345,12.372,12.423,12.321,12.135,12.296,12.793,13.019,12.768,12.761,13.191,13.496,13.366,13.37,13.672,14.074,14.465,14.49,14.036,13.344,12.809,12.448,12.206,12.079,11.757,11.471,11.288,11.25,10.999,10.771,10.717,10.848,10.87,10.83,10.901,11.061,11.219,11.326,11.222,10.956,10.847,11.064,11.126,10.919,10.695,10.658,10.615,10.556,10.457,10.345,10.234,10.173,10.094,9.907,9.752,9.762,9.816,9.587,9.303,9.16,9.211,9.278,9.391,9.546,9.671,9.578,9.341,8.99,8.725,8.421,8.264,8.264,8.421,8.725,8.99
11.483,11.581,11.745,11.859,11.859,11.745,11.581,11.483,11.558,11.52,11.444,10.962,10.113,9.905,10.74,11.661,11.938,11.992,12.033,12.044,12.066,12.194,12.542,12.842,12.812,12.604,12.535,12.553,12.478,12.41,12.389,12.422,12.311,12.165,12.129,12.219,12.006,11.613,11.738,12.427,12.522,11.767,11.561,12.303,13.081,13.282,13.469,13.723,13.947,14.1,14.136,14.149,13.924,13.426,12.857,12.435,12.22,12.058,11.977,11.65,11.298,10.863,10.613,10.605,10.835,10.887,10.806,10.837,10.977,11.137,11.266,11.167,10.876,10.773,11.037,11.116,10.878,10.616,10.563,10.534,10.531,10.44,10.218,10.049,10.105,10.196,10.099,9.962,9.958,9.981,9.786,9.535,9.286,9.182,9.193,9.336,9.431,9.468,9.409,9.3,9.043,8.793,8.485,8.307,8.307,8.485,8.793,9.043
11.572,11.662,11.726,11.784,11.784,11.726,11.662,11.572,11.542,11.408,11.268,10.983,10.627,10.589,11.011,11.481,11.615,11.785,12.167,12.433,12.345,12.193,12.323,12.542,12.651,12.654,12.571,12.453,12.347,12.319,12.342,12.409,12.293,12.104,11.978,11.978,11.678,11.247,11.277,11.845,11.896,11.205,11.093,11.893,12.715,12.906,13.141,13.508,13.866,14.096,14.203,14.299,14.137,13.633,13.109,12.969,12.968,12.594,12.12,11.661,11.388,11.019,10.82,10.72,10.794,10.812,10.813,10.81,10.826,10.867,10.934,11.015,11.109,11.053,10.875,10.684,10.651,10.575,10.474,10.38,10.38,10.333,10.177,10.054,10.076,10.159,10.189,10.193,10.213,10.178,9.969,9.699,9.33,9.1,9.112,9.339,9.384,9.299,9.181,9.103,8.998,8.949,8.672,8.315,8.315,8.672,8.949,8.998
11.556,11.599,11.548,11.54,11.54,11.548,11.599,11.556,11.469,11.279,11.083,11.017,11.198,11.338,11.29,11.292,11.37,11.689,12.281,12.707,12.62,12.313,12.171,12.191,12.388,12.616,12.587,12.415,12.29,12.254,12.271,12.336,12.239,12.07,11.889,11.793,11.465,11.09,10.976,11.242,11.268,10.922,11.013,11.668,12.323,12.45,12.737,13.244,13.795,14.182,14.377,14.445,14.266,13.89,13.52,13.494,13.457,12.772,11.957,11.474,11.413,11.212,11.091,10.895,10.775,10.738,10.817,10.779,10.677,10.585,10.565,10.806,11.278,11.287,10.706,10.276,10.451,10.555,10.395,10.225,10.216,10.219,10.179,10.124,10.062,10.065,10.193,10.339,10.399,10.326,10.061,9.732,9.326,9.092,9.097,9.317,9.309,9.157,8.982,8.891,8.912,9.066,8.84,8.336,8.336,8.84,9.066,8.912
11.149,11.155,11.193,11.235,11.235,11.193,11.155,11.149,11.225,11.157,10.956,10.855,11.01,11.113,11.007,11.052,11.332,11.734,12.079,12.336,12.493,12.482,12.317,12.174,12.292,12.531,12.646,12.638,12.515,12.358,12.25,12.23,12.095,11.952,11.812,11.753,11.464,11.11,10.82,10.771,10.719,10.64,10.846,11.277,11.833,12.148,12.621,13.143,13.676,14.045,14.302,14.517,14.585,14.639,14.371,13.619,12.719,11.939,11.53,11.232,11.229,11.127,11.066,10.916,10.792,10.715,10.735,10.667,10.576,10.473,10.426,10.615,11.021,11.1,10.729,10.433,10.55,10.557,10.344,10.146,10.149,10.186,10.176,10.133,10.045,10.025,10.171,10.355,10.455,10.38,9.991,9.539,9.263,9.248,9.194,9.194,9.134,9.077,8.948,8.844,8.86,9.02,8.848,8.419,8.419,8.848,9.02,8.86
10.606,10.635,10.848,10.989,10.989,10.848,10.635,10.606,10.843,10.962,10.891,10.709,10.518,10.458,10.554,10.921,11.471,11.913,11.92,11.903,12.245,12.541,12.447,12.225,12.222,12.374,12.596,12.773,12.702,12.478,12.275,12.165,11.982,11.85,11.742,11.722,11.476,11.152,10.748,10.482,10.34,10.394,10.613,10.828,11.337,11.91,12.605,13.109,13.584,13.935,14.27,14.647,14.961,15.427,15.239,13.744,11.988,11.186,11.259,11.145,11.135,11.032,10.949,10.852,10.806,10.717,10.657,10.581,10.55,10.487,10.443,10.498,10.665,10.759,10.735,10.666,10.665,10.531,10.297,10.118,10.155,10.214,10.183,10.117,10.051,10.039,10.122,10.239,10.352,10.323,9.899,9.41,9.276,9.434,9.297,9.073,8.977,9.041,8.967,8.836,8.797,8.894,8.785,8.521,8.521,8.785,8.894,8.797
10.183,10.363,10.682,10.886,10.886,10.682,10.363,10.183,10.278,10.523,10.871,10.859,10.333,10.072,10.357,10.999,11.692,12.225,12.324,12.247,12.33,12.34,12.122,11.913,11.956,12.159,12.31,12.403,12.454,12.44,12.364,12.262,12.053,11.86,11.61,11.444,11.155,10.909,10.533,10.225,9.99,9.952,10.077,10.218,10.785,11.541,12.439,13.02,13.608,14.146,14.636,15.042,15.356,15.885,15.784,14.415,12.696,11.698,11.51,11.35,11.426,11.22,10.971,10.792,10.767,10.717,10.702,10.647,10.608,10.532,10.48,10.523,10.693,10.674,10.432,10.284,10.457,10.467,10.179,9.991,10.161,10.322,10.235,10.108,10.124,10.163,10.106,10.059,10.148,10.232,10.062,9.795,9.598,9.518,9.287,9.091,8.973,8.996,8.853,8.667,8.66,8.862,8.849,8.621,8.621,8.849,8.862,8.66
9.993,10.34,10.732,10.979,10.979,10.732,10.34,9.993,9.882,10.162,10.837,11.022,10.329,9.982,10.427,11.209,11.856,12.396,12.738,12.727,12.42,11.989,11.712,11.643,11.746,11.942,11.946,11.896,12.072,12.324,12.428,12.371,12.166,11.912,11.503,11.161,10.779,10.57,10.279,10.068,9.793,9.566,9.557,9.719,10.363,11.176,12.183,12.857,13.62,14.397,15.061,15.474,15.705,16.084,16.055,15.343,14.246,13.087,12.307,11.906,11.977,11.577,11.123,10.777,10.707,10.69,10.771,10.749,10.666,10.548,10.473,10.538,10.785,10.654,10.102,9.792,10.099,10.306,10.118,9.996,10.186,10.339,10.245,10.122,10.184,10.236,10.084,9.927,9.962,10.107,10.227,10.241,9.905,9.473,9.186,9.142,9.02,8.933,8.705,8.496,8.536,8.833,8.893,8.677,8.677,8.893,8.833,8.536
9.988,10.406,11.007,11.374,11.374,11.007,10.406,9.988,10.023,10.277,10.67,10.762,10.32,10.229,10.769,11.461,11.861,12.144,12.392,12.376,12.028,11.692,11.797,12.032,11.938,11.744,11.709,11.828,12.074,12.321,12.367,12.235,12.068,11.923,11.553,11.169,10.663,10.31,9.966,9.832,9.611,9.376,9.313,9.396,9.979,10.785,11.825,12.525,13.388,14.305,15.178,15.824,16.241,16.631,16.7,16.545,15.972,14.827,13.662,12.846,12.575,11.903,11.357,10.843,10.653,10.586,10.708,10.692,10.582,10.388,10.229,10.197,10.366,10.367,10.171,9.937,9.793,9.895,10.319,10.536,10.243,9.961,10.093,10.255,10.159,10.011,10.001,10.048,10.016,9.989,10.071,10.134,9.818,9.389,9.104,9.055,8.917,8.817,8.641,8.514,8.518,8.677,8.755,8.726,8.726,8.755,8.677,8.518
10.137,10.503,11.223,11.658,11.658,11.223,10.503,10.137,10.421,10.583,10.44,10.321,10.307,10.582,11.11,11.562,11.644,11.609,11.661,11.654,11.472,11.475,12.058,12.576,12.237,11.608,11.608,11.991,12.228,12.311,12.226,12.036,11.9,11.859,11.616,11.318,10.749,10.213,9.755,9.637,9.495,9.362,9.326,9.33,9.788,10.488,11.463,12.164,13.077,14.012,15.02,15.95,16.644,17.11,17.249,17.44,17.226,16.289,15.068,13.911,13.2,12.293,11.737,11.049,10.671,10.489,10.613,10.577,10.439,10.183,9.957,9.806,9.825,10.016,10.377,10.328,9.618,9.507,10.568,11.131,10.301,9.535,9.907,10.37,10.069,9.697,9.912,10.258,10.174,9.896,9.759,9.708,9.47,9.227,8.998,8.901,8.756,8.682,8.621,8.631,8.572,8.498,8.54,8.717,8.717,8.54,8.498,8.572
10.206,10.419,10.802,11.042,11.042,10.802,10.419,10.206,10.347,10.375,10.212,10.147,10.25,10.551,10.975,11.232,11.091,10.975,11.212,11.397,11.16,11.062,11.702,12.329,12.031,11.405,11.428,11.82,11.994,12.018,12.112,12.169,11.937,11.579,11.277,11.172,10.768,10.29,9.757,9.461,9.227,9.171,9.199,9.215,9.584,10.097,10.991,11.83,12.891,13.798,14.842,15.989,16.914,17.44,17.614,17.963,18.01,17.539,16.678,15.494,14.458,13.344,12.67,11.621,10.879,10.518,10.712,10.654,10.429,10.174,10.048,9.862,9.708,9.746,10.063,10.068,9.501,9.49,10.499,11.064,10.39,9.707,9.939,10.26,10.007,9.732,9.953,10.255,10.133,9.816,9.63,9.538,9.227,8.941,8.775,8.79,8.654,8.51,8.509,8.659,8.62,8.434,8.439,8.685,8.685,8.439,8.434,8.62
10.161,10.199,10.079,10.033,10.033,10.079,10.199,10.161,9.987,9.9,10.013,10.116,10.103,10.219,10.523,10.707,10.536,10.539,11.073,11.465,11.142,10.792,11.159,11.659,11.565,11.248,11.281,11.51,11.605,11.661,12.054,12.45,12.103,11.321,10.873,10.936,10.756,10.453,9.89,9.357,8.966,8.945,9.054,9.154,9.488,9.796,10.608,11.627,12.855,13.724,14.708,15.896,16.89,17.45,17.631,17.903,17.992,17.982,17.674,16.773,15.699,14.523,13.697,12.313,11.238,10.689,10.913,10.805,10.489,10.276,10.31,10.169,9.911,9.665,9.597,9.566,9.522,9.742,10.258,10.588,10.448,10.177,10.093,10.047,9.962,9.932,10.021,10.097,9.974,9.766,9.636,9.535,9.082,8.642,8.536,8.736,8.627,8.386,8.384,8.615,8.637,8.465,8.433,8.609,8.609,8.433,8.465,8.637
9.927,9.883,9.591,9.444,9.444,9.591,9.883,9.927,9.686,9.5,9.548,9.6,9.562,9.726,10.124,10.454,10.443,10.509,10.891,11.237,11.269,11.19,11.276,11.364,11.293,11.186,11.178,11.278,11.414,11.612,12.161,12.663,12.379,11.579,11.046,10.994,10.729,10.412,9.78,9.149,8.693,8.678,8.858,9.098,9.389,9.365,10.053,11.357,12.939,13.978,14.945,15.928,16.728,17.325,17.66,18.003,18.187,18.408,18.4,17.995,17.291,16.102,14.948,13.32,12.113,11.276,11.219,10.869,10.47,10.224,10.293,10.198,9.972,9.762,9.72,9.716,9.706,9.907,10.341,10.615,10.501,10.275,10.218,10.133,9.911,9.757,9.85,9.998,9.917,9.721,9.572,9.417,8.825,8.272,8.275,8.701,8.676,8.374,8.34,8.574,8.616,8.474,8.391,8.447,8.447,8.391,8.474,8.616
9.594,9.571,9.429,9.368,9.368,9.429,9.571,9.594,9.506,9.3,9.097,8.978,8.98,9.311,9.883,10.448,10.698,10.799,10.791,10.919,11.428,11.847,11.76,11.42,11.239,11.183,11.113,11.159,11.388,11.73,12.269,12.685,12.596,12.104,11.575,11.247,10.704,10.246,9.555,8.98,8.556,8.507,8.703,9.049,9.323,9.078,9.676,11.145,12.995,14.282,15.292,15.985,16.483,17.1,17.608,18.049,18.28,18.454,18.457,18.519,18.359,17.28,15.883,14.176,12.979,11.882,11.458,10.85,10.42,10.111,10.106,10.05,9.953,9.97,10.17,10.206,9.923,9.956,10.561,10.893,10.506,10.097,10.243,10.325,9.874,9.457,9.608,9.938,9.906,9.674,9.484,9.278,8.622,8.042,8.131,8.693,8.749,8.441,8.366,8.539,8.572,8.475,8.358,8.298,8.298,8.358,8.475,8.572
9.108,9.078,9.186,9.268,9.268,9.186,9.078,9.108,9.336,9.262,8.834,8.612,8.812,9.26,9.686,10.171,10.576,10.785,10.654,10.641,11.152,11.67,11.75,11.499,11.147,10.845,10.756,10.899,11.026,11.216,11.782,12.37,12.618,12.446,12.042,11.593,10.848,10.201,9.454,8.998,8.629,8.513,8.608,8.849,9.16,9.184,9.797,10.816,12.349,13.825,15.146,15.941,16.458,17.098,17.606,18.027,18.259,18.503,18.645,18.941,19.032,18.43,17.358,15.259,13.271,11.813,11.542,11.024,10.597,10.251,10.184,10.12,10.086,10.114,10.238,10.221,9.969,9.995,10.509,10.82,10.583,10.208,10.07,9.998,9.905,9.845,9.827,9.807,9.697,9.546,9.376,9.19,8.639,8.16,8.239,8.713,8.724,8.425,8.391,8.617,8.69,8.6,8.475,8.405,8.405,8.475,8.6,8.69
8.718,8.664,8.991,9.197,9.197,8.991,8.664,8.718,9.249,9.376,8.863,8.648,9.077,9.533,9.621,9.808,10.215,10.536,10.539,10.499,10.631,10.897,11.358,11.582,11.094,10.414,10.337,10.649,10.581,10.474,11.051,11.889,12.436,12.491,12.264,11.851,11.046,10.269,9.507,9.177,8.858,8.678,8.605,8.607,8.972,9.539,10.245,10.526,11.415,12.936,14.633,15.796,16.58,17.234,17.603,17.924,18.119,18.461,18.737,18.956,18.958,18.913,18.495,16.04,13.107,11.364,11.478,11.229,10.852,10.514,10.418,10.312,10.267,10.14,9.989,9.866,9.838,9.966,10.241,10.483,10.628,10.437,9.804,9.434,9.973,10.557,10.277,9.674,9.425,9.399,9.285,9.169,8.824,8.523,8.514,8.737,8.623,8.353,8.402,8.731,8.855,8.74,8.639,8.646,8.646,8.639,8.74,8.855
8.674,8.49,8.581,8.652,8.652,8.581,8.49,8.674,9.12,9.332,9.108,9.081,9.474,9.721,9.529,9.492,9.871,10.251,10.325,10.296,10.272,10.454,11.134,11.644,11.227,10.455,10.251,10.465,10.504,10.572,11.018,11.595,12.26,12.668,12.517,11.911,11.093,10.49,9.839,9.49,9.109,8.877,8.656,8.457,8.708,9.373,10.089,10.187,10.896,12.36,14.123,15.445,16.384,17.065,17.414,17.793,18.054,18.412,18.671,18.861,18.888,19.096,19.051,17.361,15.061,12.892,11.848,10.987,10.794,10.641,10.62,10.538,10.451,10.23,9.982,9.782,9.772,9.838,9.93,10.074,10.293,10.28,9.835,9.592,10.129,10.636,10.3,9.657,9.387,9.366,9.247,9.154,8.984,8.861,8.782,8.789,8.626,8.451,8.498,8.749,8.834,8.736,8.655,8.675,8.675,8.655,8.736,8.834
8.942,8.602,8.167,7.934,7.934,8.167,8.602,8.942,8.998,9.155,9.424,9.665,9.804,9.741,9.455,9.359,9.685,10.044,10.114,10.136,10.213,10.48,11.129,11.629,11.445,10.895,10.516,10.444,10.791,11.348,11.592,11.593,12.147,12.826,12.63,11.744,10.982,10.744,10.267,9.784,9.27,9.018,8.73,8.456,8.496,8.816,9.463,9.961,10.983,12.305,13.817,15.053,15.995,16.702,17.137,17.682,18.065,18.354,18.466,18.659,18.778,18.841,18.753,18.479,17.937,15.445,12.45,10.494,10.512,10.594,10.693,10.67,10.54,10.322,10.167,9.949,9.776,9.67,9.71,9.774,9.768,9.854,10.108,10.303,10.275,10.101,9.921,9.743,9.567,9.439,9.259,9.144,9.037,9.007,8.905,8.826,8.706,8.637,8.608,8.655,8.636,8.587,8.516,8.484,8.484,8.516,8.587,8.636
8.696,8.379,7.905,7.649,7.649,7.905,8.379,8.696,8.655,8.859,9.34,9.73,9.818,9.697,9.429,9.338,9.618,9.957,10.067,10.156,10.322,10.58,10.975,11.3,11.407,11.318,11.196,11.113,11.195,11.397,11.559,11.689,12.101,12.525,12.395,11.83,11.303,11.1,10.701,10.321,9.789,9.396,8.961,8.669,8.559,8.56,9.108,9.945,11.148,12.118,13.329,14.745,15.983,16.751,17.144,17.698,18.073,18.294,18.322,18.455,18.571,18.595,18.574,19.062,19.449,17.178,13.685,11.37,11.308,11.092,10.803,10.638,10.725,10.641,10.394,10.089,9.93,9.81,9.777,9.808,9.829,10.037,10.533,10.779,10.361,9.827,9.831,10.003,9.836,9.551,9.321,9.218,9.121,9.105,9.014,8.939,8.855,8.822,8.715,8.619,8.56,8.596,8.498,8.318,8.318,8.498,8.596,8.56
8.042,7.917,7.911,7.925,7.925,7.911,7.917,8.042,8.245,8.573,8.882,9.228,9.495,9.596,9.45,9.426,9.695,10.026,10.195,10.337,10.534,10.696,10.735,10.805,11.116,11.503,11.949,12.131,11.505,10.681,10.922,11.823,12.13,11.896,11.909,12.11,11.883,11.364,10.906,10.816,10.394,9.804,9.216,8.972,8.849,8.711,9.178,10.133,11.301,11.879,12.884,14.656,16.337,17.172,17.414,17.815,18.06,18.243,18.29,18.332,18.352,18.458,18.576,18.8,18.831,17.214,14.919,13.155,12.762,11.862,10.872,10.434,10.894,11.009,10.532,10.114,10.137,10.171,10.079,10.139,10.425,10.715,10.881,10.768,10.318,9.921,10.051,10.292,10.044,9.626,9.379,9.32,9.17,9.084,9.03,9.049,8.98,8.895,8.746,8.637,8.622,8.738,8.587,8.234,8.234,8.587,8.738,8.622
7.865,7.755,7.873,7.959,7.959,7.873,7.755,7.865,8.204,8.503,8.559,8.783,9.202,9.488,9.463,9.347,9.241,9.348,9.745,10.203,10.482,10.56,10.412,10.345,10.781,11.419,12.059,12.287,11.419,10.272,10.582,11.78,12.039,11.534,11.551,11.997,12.058,11.732,11.364,11.211,10.702,10.052,9.475,9.344,9.26,9.058,9.333,10.005,11.058,11.862,13.097,14.809,16.373,17.248,17.551,17.906,18.066,18.208,18.244,18.23,18.204,18.351,18.531,18.502,18.253,17.397,16.373,15.074,14.151,12.665,11.344,10.7,11.197,11.286,10.663,10.227,10.439,10.582,10.369,10.356,10.772,11.137,11.147,10.927,10.665,10.417,10.307,10.253,10.066,9.869,9.683,9.575,9.372,9.232,9.149,9.168,9.069,8.947,8.773,8.663,8.697,8.888,8.765,8.377,8.377,8.765,8.888,8.697
8.302,7.991,7.765,7.652,7.652,7.765,7.991,8.302,8.58,8.691,8.537,8.625,9.094,9.424,9.435,9.07,8.353,8.103,8.817,9.753,10.139,10.197,10.142,10.144,10.571,11.095,11.4,11.379,10.906,10.392,10.721,11.527,11.822,11.622,11.487,11.473,11.678,12.025,11.866,11.281,10.49,9.942,9.543,9.542,9.538,9.377,9.429,9.524,10.451,12.076,13.921,15.133,16.002,16.875,17.457,17.914,18.083,18.2,18.187,18.184,18.192,18.312,18.443,18.354,18.109,17.72,17.328,16.102,14.69,13.009,11.914,11.259,11.447,11.297,10.67,10.315,10.655,10.821,10.466,10.289,10.613,11.015,11.173,11.192,11.252,11.064,10.427,9.839,9.849,10.163,10.09,9.843,9.612,9.476,9.308,9.216,9.051,8.931,8.761,8.664,8.728,8.951,8.923,8.664,8.664,8.923,8.951,8.728
8.302,7.991,7.765,7.652,7.652,7.765,7.991,8.302,8.58,8.691,8.537,8.625,9.094,9.424,9.435,9.07,8.353,8.103,8.817,9.753,10.139,10.197,10.142,10.144,10.571,11.095,11.4,11.379,10.906,10.392,10.721,11.527,11.822,11.622,11.487,11.473,11.678,12.025,11.866,11.281,10.49,9.942,9.543,9.542,9.538,9.377,9.429,9.524,10.451,12.076,13.921,15.133,16.002,16.875,17.457,17.914,18.083,18.2,18.187,18.184,18.192,18.312,18.443,18.354,18.109,17.72,17.328,16.102,14.69,13.009,11.914,11.259,11.447,11.297,10.67,10.315,10.655,10.821,10.466,10.289,10.613,11.015,11.173,11.192,11.252,11.064,10.427,9.839,9.849,10.163,10.09,9.843,9.612,9.476,9.308,9.216,9.051,8.931,8.761,8.664,8.728,8.951,8.923,8.664,8.664,8.923,8.951,8.728
7.865,7.755,7.873,7.959,7.959,7.873,7.755,7.865,8.204,8.503,8.559,8.783,9.202,9.488,9.463,9.347,9.241,9.348,9.745,10.203,10.482,10.56,10.412,10.345,10.781,11.419,12.059,12.287,11.419,10.272,10.582,11.78,12.039,11.534,11.551,11.997,12.058,11.732,11.364,11.211,10.702,10.052,9.475,9.344,9.26,9.058,9.333,10.005,11.058,11.862,13.097,14.809,16.373,17.248,17.551,17.906,18.066,18.208,18.244,18.23,18.204,18.351,18.531,18.502,18.253,17.397,16.373,15.074,14.151,12.665,11.344,10.7,11.197,11.286,10.663,10.227,10.439,10.582,10.369,10.356,10.772,11.137,11.147,10.927,10.665,10.417,10.307,10.253,10.066,9.869,9.683,9.575,9.372,9.232,9.149,9.168,9.069,8.947,8.773,8.663,8.697,8.888,8.765,8.377,8.377,8.765,8.888,8.697
8.042,7.917,7.911,7.925,7.925,7.911,7.917,8.042,8.245,8.573,8.882,9.228,9.495,9.596,9.45,9.426,9.695,10.026,10.195,10.337,10.534,10.696,10.735,10.805,11.116,11.503,11.949,12.131,11.505,10.681,10.922,11.823,12.13,11.896,11.909,12.11,11.883,11.364,10.906,10.816,10.394,9.804,9.216,8.972,8.849,8.711,9.178,10.133,11.301,11.879,12.884,14.656,16.337,17.172,17.414,17.815,18.06,18.243,18.29,18.332,18.352,18.458,18.576,18.8,18.831,17.214,14.919,13.155,12.762,11.862,10.872,10.434,10.894,11.009,10.532,10.114,10.137,10.171,10.079,10.139,10.425,10.715,10.881,10.768,10.318,9.921,10.051,10.292,10.044,9.626,9.379,9.32,9.17,9.084,9.03,9.049,8.98,8.895,8.746,8.637,8.622,8.738,8.587,8.234,8.234,8.587,8.738,8.622
8.696,8.379,7.905,7.649,7.649,7.905,8.379,8.696,8.655,8.859,9.34,9.73,9.818,9.697,9.429,9.338,9.618,9.957,10.067,10.156,10.322,10.58,10.975,11.3,11.407,11.318,11.196,11.113,11.195,11.397,11.559,11.689,12.101,12.525,12.395,11.83,11.303,11.1,10.701,10.321,9.789,9.396,8.961,8.669,8.559,8.56,9.108,9.945,11.148,12.118,13.329,14.745,15.983,16.751,17.144,17.698,18.073,18.294,18.322,18.455,18.571,18.595,18.574,19.062,19.449,17.178,13.685,11.37,11.308,11.092,10.803,10.638,10.725,10.641,10.394,10.089,9.93,9.81,9.777,9.808,9.829,10.037,10.533,10.779,10.361,9.827,9.831,10.003,9.836,9.551,9.321,9.218,9.121,9.105,9.014,8.939,8.855,8.822,8.715,8.619,8.56,8.596,8.498,8.318,8.318,8.498,8.596,8.56
